id,acc
17289,2
67540,1
68878,1
68876,1
67545,3
80517,1
80516,2
43579,1
81846,5
80518,2
30266,1
56896,1
31597,1
79532,2
30267,1
30262,1
79535,3
79537,2
80521,1
3632,2
4967,1
68882,1
133276,1
17296,2
133278,1
121273,1
104706,1
145256,1
96095,1
30256,1
79524,2
80511,1
4974,1
158563,1
92520,1
93851,1
18598,1
67563,1
67569,2
121261,1
17260,1
43557,1
54254,2
29241,1
93848,1
93847,1
157263,2
108298,1
66246,1
43540,1
44872,1
93842,1
108292,1
79542,1
30231,1
158585,2
30237,1
3668,1
157255,1
93839,1
17244,1
20896,1
134557,2
43532,1
66253,1
134559,1
134552,1
20892,4
66259,1
17242,1
43530,1
43539,2
18570,3
116728,1
20898,1
43537,1
30224,1
81899,1
32881,2
30220,2
135891,1
3677,1
92538,1
159861,2
3679,1
67581,2
44851,1
93861,1
66265,3
92530,1
160834,1
92535,1
67599,1
92533,1
159845,1
133235,1
66269,2
17250,1
44855,1
54281,1
103419,1
30210,3
54287,1
29231,1
145218,1
134572,1
133241,1
31546,2
32878,1
31545,1
134578,1
18555,1
20871,3
91238,3
134577,1
20879,2
20878,1
43514,2
31531,1
30201,1
79598,1
145226,5
134582,3
134583,1
17226,1
30203,2
20885,1
20884,3
157202,1
17236,1
20881,1
93889,2
18560,1
93888,2
20880,2
93887,5
19894,1
1055,1
20889,1
146573,1
20886,1
78252,2
147899,1
147897,3
66280,2
66281,1
92548,1
157210,1
49712,1
96027,1
96028,1
139404,1
114104,2
116765,2
96024,1
127421,1
96026,2
114106,1
114108,1
97352,1
96022,1
59086,1
115441,1
115443,1
1057,1
139412,1
103444,2
102113,2
128746,1
139410,1
11102,1
102115,1
11101,1
103449,2
56812,1
128740,2
68801,2
139414,1
73396,2
49708,1
49707,1
96010,1
72062,1
153707,1
115430,1
140401,2
37720,2
141734,2
103457,2
141736,1
103459,2
115412,1
68814,1
68813,1
1084,1
97375,1
96044,5
140410,1
60094,1
96038,1
102111,1
97366,2
97365,2
98699,1
98692,3
98695,1
97364,1
152408,1
98691,1
13759,1
104766,1
42291,1
103434,1
42292,1
141758,2
42290,1
103492,1
25705,2
9821,2
67500,1
68832,6
9820,4
114152,1
114155,1
126128,1
55526,3
115480,1
68841,2
68845,1
67513,1
68844,1
42274,1
67512,1
68842,1
67517,2
97388,1
102170,1
96050,1
54203,2
30296,1
54207,1
157276,2
43597,1
68853,1
81827,2
126112,1
115459,1
96085,1
96086,3
96082,1
96084,1
30286,1
217,1
54219,1
54217,1
102152,1
43583,8
67538,1
30270,1
54222,1
116782,1
54220,2
96073,1
79502,2
116784,1
127425,1
141710,1
139400,1
141715,1
9865,1
7202,1
12396,1
98604,1
12394,5
49676,1
62658,2
35039,2
35037,1
87954,1
87952,1
12399,1
8528,1
12397,3
139377,2
138047,2
50679,1
138042,1
138043,1
126040,1
74647,3
73315,3
49668,1
74645,2
11076,2
37684,1
24387,2
35021,2
62667,1
126042,1
87949,1
59019,1
86614,1
59015,1
24385,2
86610,1
8537,1
138053,3
152340,3
9882,1
103394,1
153699,1
114049,1
74651,1
251,2
114051,1
115384,1
35017,1
86646,2
59027,1
257,1
115386,1
87978,1
59026,1
75993,2
259,1
85314,1
50694,1
102059,1
87974,1
7217,1
48322,1
50696,1
37676,2
9878,2
48320,1
11046,1
12380,2
48318,1
72007,3
11050,1
62681,1
9898,2
9896,1
74664,4
115368,1
24368,1
263,1
85308,2
138074,1
265,1
60029,1
35006,1
138072,4
87966,1
75984,1
87964,1
87962,2
12389,1
86632,1
138077,1
151032,1
138075,1
8574,1
8575,1
111831,2
73349,1
99979,1
8577,7
73343,1
98644,1
61369,1
271,1
272,1
111835,1
110503,2
123812,1
85339,2
139336,3
8569,1
142978,3
38987,1
11025,2
139334,1
86663,1
86660,1
13689,2
109524,2
138008,1
74689,4
12363,2
73358,1
98634,2
109520,3
139338,1
61376,1
74685,1
74683,1
24349,1
123801,1
86659,1
86657,2
152306,1
152305,1
87988,2
140322,2
86656,1
87986,1
140324,2
12366,1
152302,1
87984,3
152301,3
36313,1
138013,4
86651,1
140327,1
142988,1
123805,3
139340,2
109518,3
109519,2
8596,2
154980,1
14992,1
61387,2
290,1
98663,1
59066,1
97335,1
126078,2
24315,2
73361,3
111813,5
99991,1
12339,1
84029,1
140334,1
152314,1
14996,1
14995,1
14993,1
85354,1
37635,1
139354,1
38969,1
126062,1
7274,1
7276,2
99987,1
72048,1
154978,1
7271,1
59076,1
73371,1
72040,1
114084,1
152328,3
140343,1
11012,3
56807,1
11013,1
86670,1
139363,2
92465,2
108226,2
51917,1
92466,1
109557,2
20851,1
91132,1
108222,1
79490,3
20857,1
108220,1
20855,3
7281,1
63902,1
92460,1
80487,3
78167,1
122523,2
54199,1
47091,6
54197,2
44819,1
31517,1
51923,1
31512,1
134523,1
20862,1
91121,1
17213,1
20860,2
91122,1
135853,1
18540,4
32829,1
108234,2
20869,1
110536,1
123845,1
78155,2
122511,1
147831,1
47089,2
50600,1
47087,1
18546,1
80472,1
108229,2
151098,1
122515,1
18510,2
109535,1
133205,1
111853,1
159837,1
111851,1
134532,2
32819,1
91159,4
78183,1
133209,1
78187,1
78189,2
78188,1
146519,1
51942,1
66196,1
18514,1
123835,1
19846,6
159822,3
135876,1
134548,2
110511,1
32809,1
134544,2
35087,1
109540,1
78176,2
78177,1
123823,2
123820,6
78179,3
80495,4
123821,1
75900,1
75901,1
123827,2
108208,1
109539,1
48394,1
3703,4
123825,1
51958,1
108266,1
47059,1
135808,1
91171,1
35077,3
35073,1
63946,1
35071,1
140395,2
87914,1
121237,2
140398,2
123893,1
121233,1
50631,2
32806,1
32803,2
151045,1
50635,2
151043,2
50637,1
152393,1
74606,4
50639,1
152391,4
92496,1
74604,1
110577,1
152390,1
47049,1
35067,1
135819,1
135818,1
78194,2
122560,1
91163,1
135814,1
3729,1
50643,1
3724,1
23090,1
152383,2
11081,3
135822,1
36384,1
47039,1
48368,1
74610,2
11086,2
61300,1
109572,1
62634,1
35051,4
24390,1
122546,1
123876,1
2400,1
24397,2
121212,1
11088,4
152397,1
3733,1
152395,1
152394,3
11091,1
47029,2
111884,2
35044,4
35043,1
11090,3
50667,1
67663,2
67664,1
67667,3
42361,1
65003,2
41036,1
42363,3
3760,3
134477,1
158448,1
160764,1
147793,1
145133,1
28054,2
105900,2
42360,1
41020,1
42350,2
110498,1
67679,1
65017,2
41023,1
121152,1
146475,1
108192,1
2438,2
54364,1
81961,1
29399,1
105911,3
105915,1
66340,1
159773,1
3768,1
29391,1
159771,1
91311,1
65021,1
42346,1
43672,1
42342,1
146482,1
145150,1
108164,1
79672,2
77011,1
78342,1
30364,1
31695,1
29362,1
31697,1
53049,1
30360,1
3774,3
110494,1
110492,2
81990,1
30368,1
42332,1
42330,1
122460,2
108176,1
108171,1
53050,1
77001,1
121125,1
123785,1
121123,1
3787,1
110481,1
159793,1
30359,2
157132,1
116608,1
133105,1
42322,3
92662,2
42324,3
91331,1
43650,1
91334,1
18690,1
42325,1
43656,2
133109,2
53063,1
42327,1
53060,1
77036,1
28010,1
78369,1
29345,1
105944,3
134440,1
134441,1
3798,1
3799,2
31678,2
89012,1
17376,1
159729,1
29359,4
28029,1
117922,1
145100,2
30332,1
28020,1
78355,2
92649,1
133120,1
160716,2
65051,1
65053,1
90022,1
43631,1
20994,1
158423,2
43633,2
20991,1
133122,2
16013,1
134456,1
1163,1
2494,1
43635,1
43637,3
30321,1
30320,1
30323,1
30322,2
146432,1
32981,1
90019,1
133130,2
133132,3
134463,1
18678,1
30324,2
89022,2
133137,1
65077,1
65079,2
16020,2
17357,1
134465,1
121173,1
28008,1
121175,1
117900,1
146451,1
43626,1
104607,1
80694,1
32971,1
105939,1
30318,2
16028,1
89026,1
30315,1
23208,1
117976,1
96145,1
130953,1
72173,1
23204,3
23206,1
116652,1
116651,2
25860,1
36520,1
105985,1
11224,1
129959,1
85493,1
24549,1
11230,1
102013,1
23210,1
96130,2
36518,1
98790,2
55612,1
105998,2
103336,2
36513,2
85483,1
36514,1
56945,1
104669,1
13897,1
67600,1
81901,1
36508,1
55622,1
1199,2
117962,2
104634,2
128601,1
142954,1
105963,1
142955,1
104638,1
105969,1
12533,3
96159,1
96153,1
96154,1
129929,1
37828,2
142962,1
304,1
11210,1
142964,1
37823,3
140307,1
139321,3
54309,1
41082,1
140308,1
41076,1
128672,1
56971,1
115366,1
54318,2
93901,1
9937,1
103384,1
84193,2
133199,1
160796,1
160798,1
66307,1
160794,1
114019,1
24501,4
81913,3
37805,2
114020,3
114021,1
37807,2
114022,3
116685,1
114025,3
326,2
158482,2
9946,1
84198,1
37800,2
142902,1
142917,2
16097,1
7300,1
103355,3
129985,1
93930,1
25809,1
114004,1
68978,1
56990,1
130936,4
81944,3
25800,1
25802,3
28077,2
130938,2
56998,1
334,5
79633,2
127315,2
336,2
56994,1
116675,1
337,1
54339,5
42380,1
103345,1
142911,1
42382,1
56999,1
28071,1
42373,2
130944,1
30392,1
67659,1
25812,1
81940,1
54343,1
127309,1
79621,7
79620,1
103357,1
157174,1
7307,2
9966,1
93918,1
98727,1
36482,5
49798,1
9984,1
128599,2
47135,1
98724,1
47136,1
74752,1
85415,1
19904,3
139258,1
139259,2
50798,1
7318,1
139257,1
10,1
8662,1
154871,2
74768,3
154876,1
61453,1
20903,4
74761,1
361,3
59130,1
23176,1
7326,3
7328,1
62790,1
47117,1
24,2
36461,1
97414,1
27,3
36463,3
28,2
74776,1
72111,5
97410,1
74774,2
116589,1
72112,2
59146,2
372,1
141591,1
85434,1
23143,1
128568,1
36466,2
36467,1
12497,1
49770,1
31,1
72129,2
7353,1
73456,2
154897,1
61475,1
8687,1
74784,4
74783,3
97400,1
24483,1
35125,1
85423,1
127226,2
152248,1
152247,3
140269,1
152246,1
103279,3
37789,1
152240,1
96109,1
6035,1
74798,1
139205,1
97432,2
25785,1
96101,1
23127,1
25781,2
35113,2
141524,1
85455,3
85450,2
60151,1
127294,2
59,1
49744,1
97427,1
37761,1
59172,2
86778,2
141530,1
35101,2
141532,1
140203,2
141534,1
49740,1
141536,2
97457,2
154864,1
154866,1
97450,1
127286,2
127285,3
96121,1
97451,3
23107,1
25760,1
56917,1
56913,1
154853,1
97449,1
98779,1
49720,1
97443,1
25774,1
97442,1
7392,1
49729,1
7393,1
56920,3
56921,1
140222,1
142888,2
86796,1
36411,4
92587,1
135722,1
17323,3
92585,3
135720,1
43619,1
43612,1
92583,2
92581,1
66291,1
18656,1
152297,3
152296,2
122408,1
18659,1
111744,1
6089,1
110412,1
29316,5
62701,1
20988,1
91240,1
123723,3
32952,6
123721,2
31628,1
134414,1
31609,1
6094,1
3815,2
3819,1
17308,1
32946,1
17309,2
17304,2
111721,1
159703,2
134429,1
109417,1
47182,1
62733,1
20933,1
2500,1
20929,2
140279,1
152259,2
47177,2
18616,4
152257,3
18618,1
152254,2
47173,1
3834,1
18614,1
50757,3
50759,2
91286,1
74720,1
108152,1
109485,1
91282,3
109480,2
2512,1
20939,1
50761,1
50760,1
18627,2
50763,3
152266,1
19955,1
50767,1
50766,1
47161,3
74738,3
73406,1
110444,1
108128,1
152280,1
73404,1
3860,2
62751,1
20911,1
62757,1
140295,1
86725,1
86723,1
123751,1
3850,1
86720,3
19925,3
152278,1
47154,4
50775,1
123759,1
152294,1
152292,1
123744,1
23194,1
123742,1
20917,1
18606,1
47142,1
152286,1
42488,1
42482,1
91411,1
144160,1
2551,1
116924,1
54472,1
77115,4
77116,3
54477,1
53146,1
28173,1
2549,3
158798,1
41142,1
42476,1
25915,1
41147,1
42474,1
41148,2
116910,1
144173,1
144168,2
28187,1
78431,1
30498,1
12609,1
78434,1
78437,1
103614,3
103616,1
28182,1
65144,6
41134,1
120172,1
1241,1
2571,1
144181,1
80778,2
16172,1
53161,1
144184,1
78461,4
116903,1
144179,1
53166,2
30488,1
77135,1
77138,2
91428,9
104910,1
141900,1
89116,4
104914,1
104912,1
41121,1
65155,2
144190,1
144193,1
80767,1
79781,1
78452,2
144188,1
78454,1
78457,1
78456,1
121487,3
53178,1
121486,1
89108,3
29498,1
65150,1
65152,2
65151,1
65164,2
16153,2
66498,2
158763,1
158764,2
65169,2
128950,1
128951,3
53180,1
41117,1
41116,1
28139,2
116967,1
145451,1
77152,3
104975,1
102314,1
103645,1
65161,6
102316,1
29460,1
103647,2
102315,2
65160,2
30467,1
65162,2
42431,1
42433,4
103661,1
158759,3
90116,1
41105,1
77140,1
77142,1
28143,2
29473,1
144122,1
145453,1
53197,1
80799,1
127601,3
1265,4
103653,2
65170,1
92768,1
103655,1
65171,7
89124,1
103657,1
102329,1
103659,1
50925,1
91475,2
18796,3
133486,1
91477,1
28119,1
18790,1
1282,1
144142,1
77173,3
1280,2
77176,3
77177,2
145465,1
62906,2
28115,2
158790,3
30449,1
30446,1
132168,3
92796,1
74902,1
145481,1
29458,1
116934,1
145482,1
144146,1
30430,2
29452,3
145475,1
30432,1
29456,1
31760,1
28124,1
30438,1
132170,1
30436,5
138318,2
139649,2
101034,1
125000,1
24653,1
23327,1
35317,1
36649,1
126327,1
55721,2
35311,1
37973,1
113023,1
55724,1
128989,1
103688,1
11343,1
141968,1
140639,1
12682,1
22000,1
96250,1
97584,1
24669,2
96252,1
97583,1
10029,1
25992,1
141972,1
101035,1
141974,1
11355,2
139664,1
141976,2
10023,1
55734,3
11359,3
35307,1
25968,1
23308,4
139669,2
67722,1
67723,1
13980,1
128973,2
103673,1
25962,4
96284,1
410,1
79711,1
54413,1
103665,2
55747,2
79717,1
37953,1
79719,1
12656,1
140659,1
37957,1
8720,1
23310,1
25976,1
36618,2
25970,1
151314,1
137024,1
103676,1
103675,3
103678,1
84299,1
128957,1
79707,2
10006,1
79709,3
139608,1
156189,1
7402,1
126378,2
114389,1
67746,1
36605,1
54430,1
37937,1
36607,2
54432,1
54439,2
53105,1
13960,1
12635,1
36602,1
114391,1
49903,1
49901,1
139614,1
8742,1
127698,1
96299,1
24623,1
49904,1
79722,2
113056,1
54449,1
7406,1
113054,3
156183,1
141935,1
8751,1
102385,1
126352,1
127681,1
54453,1
451,1
28196,6
78422,1
12614,2
12618,2
53129,1
8748,2
7414,1
28191,2
113044,1
102379,1
41165,2
24605,1
8762,1
7433,1
7432,3
138306,1
42494,1
65116,1
41167,1
8764,1
125014,1
127674,1
460,2
55793,1
126338,1
78413,1
125005,2
113035,1
139644,1
101058,1
141952,1
41161,1
113031,1
12622,1
110700,1
8770,3
72217,1
110708,1
110702,1
138280,1
86869,1
35278,1
84201,1
151242,1
151240,1
97508,1
97502,2
98833,1
47245,1
59252,1
486,1
488,4
18704,3
60243,1
151256,1
60241,1
18706,2
152585,1
18700,2
18703,2
97538,2
7461,1
6133,2
49899,1
97534,1
97536,5
98861,1
490,2
96202,1
126275,1
492,1
494,1
35259,1
84225,1
85558,1
35257,1
86887,1
151266,1
84222,2
60251,1
49891,1
98858,3
59270,2
97529,1
61593,1
11294,1
6147,1
98851,1
134705,2
59274,1
85549,1
23272,2
85547,1
85544,1
60264,2
60263,1
86872,2
60261,2
86870,3
153870,1
108426,1
47217,1
96225,2
12593,1
109750,1
96226,1
12591,3
73588,1
96228,1
96222,1
59286,2
153877,1
96224,1
59283,2
35236,1
84248,1
85576,1
12595,1
138245,1
49870,1
85571,1
139574,1
108418,1
109749,1
11270,1
47205,1
59291,3
153863,2
11274,1
23254,1
24585,3
153866,1
6160,1
59294,2
7491,1
73591,2
47209,2
7492,1
138250,1
35225,1
23252,1
140566,1
141898,1
49861,1
140568,1
138253,4
84230,4
60280,1
49859,1
153892,3
96248,1
25884,3
72276,2
25886,2
96240,3
96241,4
139591,1
84265,1
84267,1
11244,5
60295,1
122703,1
85593,1
6188,1
96236,1
96237,2
49843,1
96238,2
96239,3
110718,1
96233,1
96234,3
96235,1
3905,2
3907,1
3909,1
12587,1
84253,1
12585,1
109736,1
43730,1
158722,1
158720,1
133426,1
158724,1
108460,2
122770,3
133427,1
90040,1
121434,1
145401,3
77077,1
121433,1
121436,1
31752,1
121432,1
121431,1
65084,3
91363,1
16125,1
18780,1
158715,1
17450,2
158712,2
92699,1
158719,1
28105,1
92692,2
92693,1
62824,1
122756,1
146740,2
119112,1
121427,1
121429,3
133445,1
134779,1
132117,1
74810,4
29405,1
62830,2
90060,1
132119,2
62831,1
132118,2
91393,2
86802,1
119101,1
3939,2
43708,2
86801,1
121419,1
107109,1
50853,3
121416,2
133457,1
17432,1
108458,4
17433,2
17434,1
31718,1
134785,1
74820,1
157404,1
43704,2
62840,1
43706,1
108451,1
43700,1
77086,3
50860,1
50862,2
3941,1
50863,2
132130,1
74816,1
17438,1
18730,1
107171,1
119168,1
121473,1
18738,2
50872,1
31714,1
31717,1
18733,1
18734,2
18735,2
74846,4
90079,2
107185,1
122799,1
47286,1
47283,1
73508,1
158700,2
73526,1
122791,1
62879,9
133407,1
86839,2
122787,1
85515,1
122783,1
85513,1
86845,3
86840,1
47275,1
3976,1
119143,1
73538,1
133415,1
3991,1
122780,1
62888,1
35282,1
133417,1
133418,1
35280,1
60219,1
60229,2
85507,2
119139,1
1321,1
86831,2
3985,1
121448,1
66574,1
120073,2
65249,2
120075,1
28297,1
144037,1
54595,1
28293,1
157365,1
24703,1
24706,3
24705,1
41267,1
157349,1
2683,1
121392,9
53272,2
79881,1
24702,1
79880,1
1347,1
79885,1
53274,1
79887,1
132070,2
91518,3
65251,6
91519,1
90223,1
53283,1
53285,1
42580,4
157387,1
156056,2
28270,1
156055,1
90213,1
145399,1
119050,1
119051,1
119052,1
133347,2
134679,1
134673,1
134675,3
28259,1
146653,1
145326,1
128822,1
133352,1
128824,1
89256,1
158650,1
89242,3
89240,1
1395,2
1393,1
145342,1
115504,1
1391,3
77261,1
115506,2
77263,6
78597,1
1387,1
65294,1
157336,1
134697,1
90269,1
61700,1
145353,1
144022,2
91593,2
145351,1
120092,1
43878,1
91590,1
145346,2
29563,1
77298,2
145345,1
29567,1
1398,2
31892,1
104830,2
103502,1
30567,1
89278,1
104834,1
42532,2
159984,2
16267,1
146691,1
146695,2
91582,2
61713,3
145357,2
159994,1
103515,1
156001,1
47414,2
47410,1
103574,3
35430,4
153832,1
22112,2
71086,1
67824,1
71084,2
71080,1
115562,1
127535,1
141843,1
516,1
11466,1
48737,1
47404,1
48732,2
47402,1
102255,1
22122,1
48738,4
127528,1
71090,1
152504,1
35421,1
10143,1
8814,2
11473,1
128856,1
8817,1
141858,1
54528,1
23427,1
23429,1
153850,1
8831,3
128852,1
103553,2
153853,3
153855,3
23421,2
116869,1
48728,2
95076,1
66519,1
95070,7
35415,1
95072,1
531,1
116871,1
141860,1
116873,1
102215,1
8829,3
79839,1
11447,1
103560,1
67852,1
7512,1
95066,1
24764,2
66525,1
24763,3
22104,1
96394,2
23435,3
24765,2
66529,1
96395,1
55870,2
542,1
141874,1
115532,1
83088,1
138235,1
55878,3
138234,2
83084,1
103559,1
8839,2
83085,1
138230,1
102229,1
67860,1
92820,1
102287,1
80836,1
95095,1
126252,1
55882,1
36728,1
554,1
53226,2
92819,1
11425,1
141819,1
23419,1
67874,1
126246,1
24744,1
54567,1
79843,1
7524,1
11433,1
92805,1
103590,4
91512,1
103594,4
67885,1
7544,1
153812,1
570,1
153818,2
53242,1
53240,5
11407,1
576,1
79876,1
79875,1
79879,1
53248,1
91504,7
141825,1
41286,1
140509,1
7552,1
7554,1
41288,2
126224,1
127552,2
24722,2
127551,1
11416,1
54585,1
153808,1
79863,2
586,2
127547,1
588,1
79866,1
77206,1
7546,1
128877,2
92823,2
140502,1
7548,1
141833,1
126170,3
7562,1
74998,1
7565,3
153795,1
61682,1
61686,1
59363,2
126177,1
34061,1
111912,2
22071,3
114197,1
22073,1
22075,1
34068,1
151126,1
152453,2
7572,1
97626,1
7574,1
153783,2
46037,1
71013,1
47367,1
126168,1
34053,1
35384,1
111903,1
7570,2
126163,2
126159,1
151137,1
48694,1
138179,1
47363,1
60360,1
138175,2
10071,3
71029,2
71026,2
10073,1
7586,1
7588,2
47356,3
96327,1
96320,1
35374,2
59382,1
35370,1
135905,2
84345,1
83014,1
140498,1
140499,1
127479,1
138189,1
152475,1
152473,2
138185,1
96318,1
152490,2
7596,2
46015,1
7598,1
47344,1
46014,1
22067,1
127477,1
72362,1
126142,1
138195,1
23395,1
138198,1
152484,2
152482,1
110622,1
95019,3
138118,1
47336,2
47333,1
49996,3
47334,2
72378,1
23364,2
72376,1
97676,3
24697,3
22038,1
110624,2
122601,3
23360,3
152416,1
24691,3
24693,1
138125,2
138126,1
109644,1
108315,5
6286,1
111940,1
109640,2
96335,1
10062,1
96336,1
138127,1
97663,1
97662,1
96333,2
97664,2
72383,1
97661,2
98991,1
35344,1
138136,1
49981,3
84354,1
84351,1
49978,3
126191,2
49976,1
95038,1
110608,1
22014,1
22015,1
72394,5
22016,1
96361,1
95032,2
83059,1
35334,1
10037,1
84382,1
96357,1
97689,1
11373,8
24685,3
23355,1
24687,2
71076,1
24689,5
22027,1
111923,2
111922,1
55831,1
24683,2
152446,1
83044,2
138158,3
11375,1
151112,1
138156,1
138157,2
138152,1
138153,1
36659,1
54506,1
42520,3
135964,2
108348,8
135967,1
135966,1
134636,1
90169,1
89172,1
158604,1
108342,1
108344,1
135963,1
29548,1
158609,1
77194,1
133306,1
77195,2
77196,1
29540,3
62928,3
122642,1
122641,2
50950,1
16239,1
16237,1
2706,1
31875,1
17569,2
50956,1
134644,3
133314,1
91487,1
111984,1
74921,1
17571,1
133310,2
91488,1
110659,1
91481,1
111990,2
30538,1
134650,1
16247,1
31865,3
74918,1
30534,1
122639,1
17541,2
89196,2
73603,1
73600,1
135985,1
89192,3
89190,1
29526,1
29524,3
61624,1
123954,1
147967,1
59302,1
122620,1
59303,4
74928,1
159960,1
18879,1
135994,2
158613,1
158619,1
43823,1
28209,4
61627,2
1404,1
59316,1
61629,4
1402,1
86910,1
59313,3
28203,1
145315,1
122618,1
134671,3
30518,1
109659,1
18888,1
122617,1
1405,2
151172,3
98924,1
73626,1
98921,2
98922,1
61643,1
61645,2
29508,2
29506,1
121357,1
2746,1
1414,1
121356,1
86948,1
121358,1
60313,2
85611,1
151168,3
50997,3
98917,1
46085,1
152494,1
2748,1
46079,5
62988,1
62989,1
147910,1
61649,1
121348,2
147912,1
58009,1
29510,1
31827,2
73628,1
74959,1
135942,1
151193,1
97614,1
109692,1
97610,2
122670,2
135946,2
34082,1
135948,1
159919,1
84305,1
22094,4
1431,1
147920,1
22098,1
18837,1
97608,1
47391,1
134622,1
135953,1
135956,1
74985,1
58024,1
34074,1
61678,1
135957,1
59357,1
60344,1
18847,1
46055,1
121328,4
98928,1
18845,1
92982,2
91651,1
90321,3
159418,3
39079,1
160402,1
92984,1
24819,2
148761,1
124792,1
24811,4
147426,1
36804,1
11506,1
77359,1
66690,3
40053,1
41384,1
91641,1
40052,1
112799,1
134126,1
147440,2
147441,3
1471,2
39061,1
39062,3
124777,1
11516,1
146102,1
147434,1
147436,6
89325,1
91635,1
91639,1
135469,1
112789,1
41371,1
160422,1
90345,2
136796,1
158107,1
160424,3
39059,1
112783,1
109137,1
160420,1
147454,2
1480,1
76040,1
52070,1
124769,1
27063,1
76046,1
147444,1
148778,3
1474,3
12817,1
134142,1
91668,1
41362,3
92998,1
110111,1
15099,1
147462,1
147455,2
92988,1
42690,1
160418,2
42681,1
77391,1
77392,3
91692,1
28375,3
148710,1
148712,3
91684,1
90351,3
41342,3
123493,1
77380,1
77385,1
77387,1
123489,1
122157,1
90387,1
88062,1
15047,1
16370,1
42669,2
147406,1
610,1
615,1
617,1
147409,3
110171,2
64095,2
59509,1
88054,3
39005,1
135435,1
42650,2
27038,2
134109,1
27032,1
76077,2
29694,2
29692,1
620,1
147412,1
622,2
123465,1
106901,1
39007,1
30676,2
29690,1
106903,1
48867,1
160488,2
48865,1
129600,1
131923,1
95176,1
160483,2
95178,4
95174,1
95175,2
34228,1
118951,2
106955,1
10252,1
158178,2
105627,1
48858,1
105642,1
35540,1
130600,3
130601,3
130606,2
130604,1
118937,1
146197,1
34212,2
35542,1
53310,1
646,2
158164,1
11594,1
36873,1
36874,1
53314,1
10265,1
104308,1
105637,1
7608,1
34218,1
83184,1
22217,1
67960,1
47513,1
92920,1
36860,1
8951,1
24873,1
22215,1
130616,1
105609,3
158193,3
24870,6
36861,1
8945,1
12892,2
10233,1
36864,1
158195,1
106931,1
106937,1
105605,2
67975,2
6300,1
11571,1
65314,1
95188,3
160494,1
67978,1
23555,1
95184,1
160493,2
24889,1
47507,1
160492,1
105619,4
95182,4
55995,1
106945,1
53339,1
55999,1
11575,1
11577,2
78618,3
10248,1
106946,3
66652,1
129640,1
8974,1
66656,1
6312,7
66654,1
160442,1
66658,1
77311,1
118991,1
52014,1
35511,1
53343,1
79976,2
53344,1
118995,1
79978,1
36841,1
105667,1
135496,6
77319,1
10213,1
36843,1
128309,1
92938,1
7651,2
8980,1
64003,1
8983,2
92930,3
64007,3
147484,1
24861,1
24860,1
24863,1
147487,2
117647,1
23535,2
77300,1
77302,1
92924,1
12884,2
7647,1
77308,1
6319,1
77309,1
36832,1
7649,1
134171,2
7660,3
7664,4
65345,1
64013,1
118969,1
116309,2
36825,1
53362,1
77334,1
147488,2
159484,2
77339,1
8987,1
106976,1
53369,2
134187,1
36821,2
134181,1
6329,2
40080,1
66685,4
24846,1
40074,1
65354,2
6342,1
24848,2
65356,1
5014,1
91621,1
39082,2
131918,3
146168,1
80974,1
79988,2
78656,1
80972,1
89306,2
6337,1
129602,1
91615,1
6336,1
78658,1
6339,2
92944,1
40071,2
159475,1
31909,2
154520,1
7686,1
105599,1
72454,1
154524,1
58154,2
97750,1
71122,2
154527,2
58155,1
105590,1
59483,1
116251,1
84446,1
22197,1
31913,1
85773,1
142537,1
7695,1
96419,2
7694,1
154510,2
154512,2
154516,3
130567,1
17619,4
85766,1
58168,1
85764,1
116246,1
7689,1
128218,3
18948,2
17614,1
6376,2
72477,2
72475,1
18917,2
105569,1
46144,1
130580,1
85790,1
155860,2
104252,1
155861,1
155863,1
116216,1
72485,1
22187,1
116215,4
34153,1
22189,1
142570,1
83129,1
84459,3
22181,5
142568,1
84454,1
85782,1
47460,1
46129,1
6395,1
47458,1
55919,2
6397,1
128278,2
10172,4
95137,3
72499,1
35474,2
71166,1
95134,1
96465,2
6391,1
6393,1
83158,1
35476,1
84487,1
84486,1
47451,1
46120,1
84480,1
97784,1
23496,1
35462,1
97783,1
131854,4
128261,1
34139,2
22162,1
22163,2
46110,1
47436,1
46106,1
154502,1
34121,1
34120,2
95150,1
154508,1
128251,1
96484,1
47430,3
2807,1
142518,2
2804,3
11488,2
2803,2
128243,2
47426,1
67932,4
128247,1
47422,1
67930,1
22144,1
67933,1
130549,1
67938,1
116262,7
35446,5
34115,2
35445,2
55951,1
35443,1
36779,2
143859,1
41313,2
43978,1
31994,1
30663,4
100731,2
16363,1
112712,1
154596,1
112710,1
16366,2
89280,1
27017,1
61733,1
42634,1
112716,2
61734,1
30651,1
29670,2
30652,1
27014,5
30654,3
89288,1
136710,1
17661,1
61740,1
136716,2
128295,1
30646,1
72405,5
16341,1
136723,1
16345,1
43942,1
61758,1
148702,3
29651,1
29650,4
100725,1
2855,1
2854,1
2853,1
59434,2
60421,2
148708,2
2858,1
130594,1
111436,1
111435,1
72414,3
130592,1
97711,1
130599,1
61760,1
72411,1
109115,1
43938,1
111439,1
142581,1
85738,1
58117,1
58119,2
58113,2
100772,1
30624,1
97709,1
31954,1
72428,1
72425,2
153221,2
72423,1
153223,1
73754,1
72421,2
73752,1
30609,1
153227,1
2881,1
154559,1
58123,2
29638,1
111427,3
142582,1
43918,1
141255,1
60444,1
58124,1
142589,2
59458,2
72419,1
112746,1
18950,1
96406,1
96402,1
2890,1
2889,3
85757,1
2887,1
141265,1
2886,2
29600,1
43906,1
2885,3
1553,1
2884,2
2883,2
2882,2
43909,1
31934,1
85750,1
124729,3
34190,1
154573,3
154574,1
154575,1
100770,1
154579,1
34197,3
58140,1
100768,1
124719,3
97718,1
40183,1
90441,1
122011,1
122010,2
150959,2
77475,1
149969,1
36928,1
76146,2
77478,2
125996,2
76147,2
122003,1
125994,2
52178,3
89459,1
90437,1
137994,1
100696,1
112690,1
11620,2
88121,1
111349,1
135337,1
134008,1
39187,1
110013,1
39189,1
148651,1
149981,4
1592,2
52182,1
1590,5
76130,1
36913,7
12968,1
10306,2
123324,3
149977,1
125984,1
1584,2
147315,1
40171,1
10301,1
10300,1
65490,3
11631,1
10303,1
134017,1
135349,1
24912,2
136679,1
135348,1
90464,3
159313,1
24917,2
136675,1
112663,1
24919,1
111332,1
40165,1
113994,2
24910,1
77498,1
147324,1
134023,1
41491,1
109029,1
134024,1
64189,2
147342,1
146012,1
113988,2
76151,1
24921,1
61912,1
27197,2
27196,2
11618,2
113990,2
125962,1
112661,2
11610,2
73901,2
15183,1
90485,1
40144,2
40143,3
40147,1
61920,2
28494,3
61916,2
27168,2
59601,1
123377,1
149927,1
28492,4
40131,1
42794,1
40130,2
88151,1
15195,1
40135,1
15199,1
40139,1
136629,1
76171,1
15192,2
76175,4
61926,1
149931,3
59612,1
90469,1
106801,2
73908,1
153192,1
106805,2
89487,3
27172,1
106803,3
135301,1
109057,1
136631,1
42781,1
41452,1
40126,3
40125,5
40129,2
85905,3
122028,5
149946,1
149945,2
61936,1
149947,3
28472,1
730,5
27146,1
149944,2
733,1
734,2
73918,1
135315,1
41443,7
39126,1
15176,5
149960,2
122020,4
41448,1
40117,1
40116,1
60619,1
60617,1
60615,1
27154,1
60624,1
122016,1
30793,1
12900,1
85900,1
28483,1
122013,1
60621,1
28488,1
7702,1
88178,1
47658,1
47659,1
122091,2
47657,1
47655,2
47652,2
47653,2
118824,1
147398,1
23689,2
122094,3
35679,1
53423,3
753,1
23680,1
23682,1
53426,5
757,1
134087,1
759,3
47643,2
160356,3
48973,1
131813,1
95287,1
22365,2
23697,1
95284,1
34338,1
35669,2
33007,1
23690,2
22360,6
33003,1
33001,1
768,1
106843,3
106848,2
65420,1
47635,1
118809,1
160388,1
36981,1
47639,4
53440,1
53441,1
773,2
52113,3
53449,1
110098,2
7736,1
106811,1
110093,1
11686,1
11689,1
91705,2
64104,1
11692,1
10360,1
130501,1
123395,2
123392,1
130507,1
64109,7
146098,1
53455,1
34311,1
23671,1
10362,1
11698,1
110083,2
11697,1
64111,3
47613,1
5100,1
104221,1
116205,2
147352,1
24970,2
24972,2
11669,1
53463,2
76100,1
77433,2
148677,2
35631,5
116211,1
116213,3
117544,1
53465,3
77436,2
129517,1
35638,1
158011,1
24989,1
66782,1
64124,1
64126,1
159329,1
64127,2
66789,4
64129,1
117529,1
118859,1
52143,3
147358,1
78755,2
91714,1
11672,1
10343,2
104226,1
129507,1
158003,2
159333,1
36955,1
11677,1
159331,1
105533,1
10317,1
117521,1
77456,10
88108,1
76126,1
118851,1
147369,1
77458,1
12971,1
90414,1
88104,4
10310,1
89433,1
10312,1
35616,3
88100,5
22307,1
6465,1
106875,1
64146,1
104213,1
106873,1
91741,1
104211,3
118835,2
118836,1
118834,1
117507,1
22301,1
117506,4
78776,1
89429,1
118840,1
78779,1
76118,1
106865,1
36931,2
11653,1
105539,2
11655,1
6474,2
72579,1
95213,1
6476,1
72578,2
72575,2
154402,1
72576,4
46289,1
96547,1
97874,1
155738,1
97873,2
118793,1
85896,1
104139,1
5137,1
17725,1
104137,1
6483,2
130441,3
6482,1
95207,1
155721,1
130444,2
104158,1
129435,2
130442,1
130448,1
130449,1
96531,1
72580,2
6481,1
142420,2
118781,1
83229,2
17738,1
46271,3
142429,5
17735,1
105455,1
96567,1
104125,1
129424,1
84587,1
129418,1
130462,2
130460,1
106792,1
155740,1
5177,1
97883,1
96551,1
97885,1
96553,1
143778,2
143779,3
106788,1
54704,1
104187,1
54709,1
10293,3
5181,1
96583,2
5183,1
22273,2
54717,1
104198,1
129474,3
104195,1
104199,1
129470,1
71291,3
129472,2
130407,1
54721,1
22283,1
2917,1
2916,4
2914,1
95279,1
104168,1
104167,2
35573,1
35572,6
66718,2
2921,2
53402,3
10276,2
78706,1
10283,1
66720,1
155705,1
66724,1
130428,2
104170,1
1602,1
2931,2
35566,1
143736,2
143734,1
142408,1
53419,1
2936,3
10289,1
1604,1
137902,2
154484,1
73825,1
137903,1
42762,1
154486,1
73823,1
15146,1
154488,3
40102,1
41432,1
137906,2
137904,2
41439,2
137905,1
59525,1
142497,2
30784,1
100618,2
2940,2
29786,1
27122,1
125915,2
137913,1
72505,1
90398,1
15150,2
72503,1
73832,1
137910,1
15155,2
28469,2
137915,1
2954,3
58205,1
59533,1
59532,1
73827,3
101955,1
2956,2
30777,1
97813,1
16454,3
97811,1
27105,1
41419,2
137929,1
85828,1
84503,1
149904,1
141187,1
116198,1
141189,1
27100,1
27101,3
30769,1
73839,1
136602,1
88096,1
154498,1
129498,1
72522,1
16465,1
136600,1
150909,1
150907,1
42734,2
2977,1
141197,1
2975,6
2972,1
15138,2
153171,1
116181,2
100601,1
73849,1
72537,1
111313,1
112643,1
15102,3
153114,1
72531,1
72532,1
100660,3
58231,1
141120,1
84525,1
1656,1
1655,3
60556,1
1654,2
2985,1
2984,4
2983,1
125950,2
100650,1
30749,1
17766,4
73876,1
154433,2
130486,1
155768,1
1667,2
60567,1
59577,2
1662,2
101995,2
30737,1
30732,1
97817,1
155794,2
155793,1
73888,1
130499,1
154466,1
154468,1
1682,2
73882,1
60579,1
1676,1
1675,10
60577,1
85876,1
1674,1
1672,1
60573,3
101962,1
101964,1
101963,1
101966,1
154472,2
154452,1
73899,2
154454,4
153124,1
154456,3
154458,1
153127,1
29736,1
72560,1
28402,2
59591,3
113945,1
142483,1
125921,1
60589,1
142485,1
100644,2
125925,1
100646,1
91893,2
159657,1
90560,1
90567,3
146336,2
146333,2
147665,1
123695,1
147667,1
110394,2
90558,1
91889,1
133033,1
134364,2
159663,2
10410,1
134360,1
64271,1
40294,3
40293,1
90554,3
134368,1
146350,2
35702,1
146345,6
90549,2
35706,1
11752,1
11755,2
88232,1
160668,2
23702,1
23703,1
158345,1
23706,1
109377,1
111694,1
146364,1
23700,2
121015,1
146355,2
121014,1
157020,1
59706,2
59707,1
160657,1
159665,1
40271,2
23717,6
90575,2
109389,1
23719,1
90577,1
109385,1
23710,2
146369,1
10404,1
10403,1
59712,2
121000,1
10409,1
90569,1
88259,4
91899,1
158343,1
10400,2
88284,2
134311,2
27285,3
27286,1
11704,1
27287,1
27281,1
27280,1
105825,1
59729,1
134326,3
105840,1
40253,1
147640,1
60716,1
146303,1
146302,3
11712,1
60722,1
11714,1
147631,1
122397,1
59732,1
88275,1
72713,1
39251,5
134337,4
134333,1
72710,1
15286,2
159636,5
40249,1
158309,1
58417,1
147644,3
147645,1
105800,1
134341,1
146319,1
58419,1
159640,1
105802,3
135678,1
40234,1
39244,1
110396,3
134345,1
148992,3
146332,2
108092,1
15290,2
27275,1
108091,1
59753,2
146328,1
122378,1
146326,4
121046,1
105811,1
105812,2
7823,1
105816,4
7828,1
66853,1
129841,3
66857,1
35793,1
22474,1
22477,1
22479,1
154808,1
34468,2
34466,3
46440,1
6504,1
91805,1
103221,1
35782,1
34450,1
34458,1
35788,1
34456,1
33123,1
886,1
7844,1
142822,1
103215,1
6519,1
103219,1
66872,1
66876,1
7864,2
130858,1
34447,2
35778,1
35776,2
141500,1
35773,2
78866,1
78868,1
141501,3
6526,1
89512,1
76208,1
89510,1
91828,2
91826,1
91827,2
65552,1
47744,1
66880,1
47742,1
65555,4
117822,1
65557,2
65559,2
117826,1
154816,5
154818,2
33105,2
35764,1
34433,1
35763,1
34430,1
105855,3
105854,1
129804,1
141516,1
34439,1
141519,2
129807,2
157038,4
104583,3
47734,2
91853,2
11780,2
91851,1
127223,1
160683,1
127221,1
23764,1
145055,2
77550,2
34426,1
78882,1
34425,1
145047,2
77553,1
52256,2
52257,1
88207,1
78887,1
157041,4
76228,1
157042,1
52258,1
10455,2
157045,1
34428,1
157043,1
34427,1
157044,1
160679,2
158358,1
47725,2
5232,1
133079,1
160677,1
145063,1
146393,1
145061,1
145067,1
145065,1
145059,1
34412,1
78872,1
145057,1
115234,1
90503,1
7888,1
103257,4
89524,1
91833,2
89522,2
5240,1
157058,1
64253,1
103231,2
64257,1
117876,1
64259,3
130810,2
52271,1
117880,1
35734,1
116555,1
77579,1
129855,1
105886,2
129857,1
11761,3
128527,2
133099,1
133093,1
128529,2
11766,1
158396,1
133095,2
89551,1
10434,1
65596,3
6583,1
157048,2
47701,1
145083,2
22422,1
78893,2
78896,1
105899,3
157052,1
91857,1
158381,2
103237,1
90529,1
10446,1
65592,1
153430,2
153432,1
72699,3
70037,1
30819,2
153436,1
97994,1
42800,2
84687,1
33099,1
141444,2
30823,1
84685,1
153422,1
96657,1
28503,1
141450,4
115155,1
82015,1
142786,1
83341,1
141457,1
84671,1
140127,1
30815,2
84673,1
129781,1
54808,1
129784,4
129787,2
46387,1
129788,4
127125,1
115143,1
82046,1
83377,2
82048,2
82049,1
83374,1
30801,1
46386,1
30803,1
54817,1
54816,1
154791,1
5295,1
54819,1
45046,1
70066,1
116459,2
96675,1
66804,1
16509,1
54820,2
83368,3
16502,1
84693,1
152123,1
152121,1
84692,3
84691,1
46369,1
83390,1
47699,1
70077,4
66818,1
22391,2
47693,1
47690,2
142737,6
47689,2
46358,1
66820,1
154714,2
69093,1
34377,1
142740,1
141412,1
1709,1
1708,5
1707,2
17811,4
46348,1
35694,2
94063,1
66836,1
65504,1
35690,1
112903,1
66837,1
70095,1
70094,1
112901,2
141420,1
78828,1
1714,1
65510,1
66842,1
45002,1
21056,1
66843,1
21055,3
47663,2
115174,1
22381,2
35686,1
35684,1
78810,1
54866,1
115170,1
1726,1
1724,1
41550,2
152183,2
15260,1
41554,1
41551,2
61959,1
148914,1
27246,1
27244,1
15268,1
58319,1
1735,1
73953,1
15278,1
39225,1
73951,1
15276,1
135610,1
42870,1
58320,1
136948,2
112959,1
27252,1
59658,1
1744,2
1743,2
59659,2
60640,2
109318,2
30896,1
123607,1
152185,3
148929,1
72636,2
41532,3
135620,1
72630,1
135621,1
39213,1
112949,2
58331,1
40209,1
135627,1
40207,1
61979,1
1750,1
39215,1
112931,2
136968,1
15256,1
41524,2
57011,1
41527,1
29893,2
28566,1
57016,1
136971,1
124915,1
110343,1
41510,2
16554,1
153478,1
109350,1
59683,1
59682,2
27206,1
59685,5
59684,3
41518,1
84647,2
122327,2
84649,2
139171,2
124987,1
84643,1
28532,1
84644,1
16558,1
152137,1
16556,1
97945,1
153463,1
73999,1
96610,1
70001,1
110333,2
108036,1
97943,1
28548,1
58365,2
28546,1
140170,1
122314,1
84637,1
28542,1
108007,2
153496,1
111654,1
111652,1
15200,1
96644,1
70015,1
96645,1
97971,1
28513,1
71340,1
140180,1
136916,1
122302,2
124967,1
140174,1
83337,1
122305,3
42817,1
28511,1
1794,1
58379,1
83330,3
152173,1
153484,1
72685,1
108010,1
140190,2
111649,2
42812,2
85982,1
112980,3
16546,1
85981,1
84651,2
124959,1
153492,2
22514,1
88362,4
159533,2
110269,1
64399,1
136895,2
136897,1
123583,1
147551,1
76384,1
148878,1
51084,1
51087,2
51086,4
123579,1
10537,1
51089,1
51088,1
135571,1
135574,1
88366,2
110270,2
11864,1
23856,1
110255,1
147562,1
123571,1
75053,1
22524,1
147559,1
11870,6
11872,3
91999,1
88354,2
160547,3
159558,1
158227,3
160549,1
160548,1
159555,1
109257,1
109251,2
124890,4
109253,1
124891,1
147570,1
146241,1
35812,1
35811,1
147565,4
123555,1
147567,1
147568,2
111583,4
934,2
26092,1
87057,1
35813,3
158232,1
112897,2
147583,1
11856,1
7907,1
122214,1
122216,1
124875,1
124873,1
35809,3
7900,1
158223,1
122218,1
58509,1
134272,1
72812,2
72813,1
87075,1
40382,1
72811,3
40381,3
148840,1
40389,1
122292,1
148836,1
58515,2
122288,1
58511,1
72809,1
40380,1
58517,2
11821,1
38053,2
40377,1
136862,2
134202,5
23819,1
136864,1
122286,2
38051,2
147515,1
7928,1
122277,1
122278,1
136871,2
88396,2
41691,1
159515,1
148860,1
40367,3
147525,1
58535,2
26054,1
57206,1
58537,1
59863,1
11804,2
11807,1
59864,1
58533,1
27387,1
7932,1
136880,1
135552,2
7936,4
57208,1
72825,1
87081,1
135555,3
147536,1
84812,3
27395,2
59879,1
57218,1
122254,1
60861,2
987,1
57219,1
87089,2
130713,2
22599,1
130718,1
33258,1
77630,2
117741,1
129712,1
47893,2
51007,1
78969,1
7956,1
51009,2
7957,1
105748,1
7959,1
142709,1
46557,1
45222,5
45221,1
129710,2
7973,1
117723,1
130722,3
45229,1
130725,1
34578,3
33247,1
52344,1
78952,3
52345,1
78951,1
78954,1
104426,2
46551,2
78958,1
91916,1
129707,1
117719,1
104400,1
6654,2
63004,1
154702,1
63006,1
117713,2
154706,1
22579,3
51021,1
76321,1
33234,1
88304,1
76327,1
7977,1
65670,1
130741,3
7994,1
6662,2
5332,1
117701,1
122298,4
142721,1
22581,3
78975,1
78978,1
104404,1
78977,1
76317,1
90607,1
91970,3
104462,3
129761,1
129763,1
160567,2
91972,1
160566,1
146261,1
22551,1
23883,1
147590,3
77673,1
116453,1
77678,1
52376,1
88327,1
103125,1
91968,1
88323,1
90638,1
103129,1
34549,1
159585,1
35879,3
33218,1
47845,2
103140,1
5351,1
6683,1
64368,1
160550,3
117766,1
146275,1
33205,1
117772,1
35864,1
77664,3
103137,1
158244,4
10587,1
33206,1
10589,1
33207,2
88340,2
47835,1
5361,1
21202,1
5363,2
134299,1
105775,1
5367,1
146284,2
146283,1
75022,1
146285,3
117761,1
76364,1
76367,1
88349,1
129734,1
88345,1
88343,1
64384,1
91985,1
160575,1
129731,2
5377,1
103124,2
129732,1
63059,1
103123,1
160571,15
116413,1
160574,1
160573,4
75032,1
88339,3
117753,1
11897,7
94126,1
5384,1
103054,1
57180,1
94124,2
128354,1
71489,3
130676,2
16630,1
153313,3
154644,1
130673,1
94122,2
96781,1
141323,1
128348,1
17967,1
141325,1
16634,1
103048,1
141327,2
141329,1
45191,1
17965,2
17966,5
45193,1
17970,1
17971,2
4064,1
154632,1
139019,1
116359,1
153304,1
154636,1
96773,1
127011,1
71490,3
83469,1
141330,1
143997,1
84799,6
115036,1
17978,1
45184,1
83463,2
83460,1
69176,1
17977,2
103031,1
105692,1
103033,2
116348,3
29920,1
105690,2
115020,1
140012,1
117685,1
82169,1
104359,1
140016,2
78900,1
140018,1
141349,1
69189,3
117680,3
154651,1
28608,1
154652,2
30904,2
95468,3
96799,1
70186,1
96791,1
139042,1
116342,2
115012,2
82157,1
83484,3
46495,2
30912,1
82153,1
83483,1
105699,1
45165,1
152002,1
78919,1
45155,1
33173,1
94164,1
78921,1
143940,1
142613,3
78925,1
46480,1
115082,5
45150,2
29917,3
130640,1
29912,2
155926,2
29914,1
29913,3
115076,1
52301,1
33165,1
45141,1
143954,1
45137,2
103078,1
154621,1
47795,5
65622,1
45136,1
22497,1
33159,1
77610,1
33157,1
127039,1
47793,2
91901,1
52315,1
77618,2
1836,1
1834,1
129694,3
130668,1
33142,2
64306,1
131997,1
65636,1
1841,2
52323,1
141313,1
128359,1
82199,1
139001,1
1846,1
153395,2
14052,1
40340,1
39350,3
136813,1
111510,4
72731,1
41674,1
27369,1
27361,1
124822,1
26031,2
38027,1
1859,2
1856,2
127096,1
111503,1
153385,1
15393,1
153386,1
15399,2
72743,2
109201,1
58441,1
112838,1
15390,1
112836,1
27373,2
59779,1
1865,1
59778,2
27371,2
27372,2
148804,1
1862,4
57113,1
39347,1
152083,3
127081,1
152081,1
96720,1
15365,1
42989,1
58450,4
27349,1
27347,1
135508,2
27340,1
27345,1
59788,1
15369,1
96719,1
70105,1
69114,2
70102,2
28688,4
127079,1
41649,1
58460,1
28680,1
84737,1
59797,2
58466,1
58468,1
69112,1
111557,1
72777,1
153354,1
14013,2
14010,4
112883,1
153357,1
153358,4
109236,1
124870,2
153359,1
41639,1
124867,3
139053,2
124868,1
124865,2
41629,2
28652,2
58478,1
14016,1
14017,5
112891,2
14015,2
39316,1
122207,1
139054,2
124869,1
109249,1
111544,1
112875,1
39302,1
95402,1
153347,3
58484,2
57155,2
58480,3
141380,1
41627,1
84749,1
58482,1
141381,1
84757,1
27330,1
84759,2
139062,1
29996,1
83424,1
141379,2
141378,3
83423,3
70137,2
15321,1
95435,1
96761,1
96763,1
83458,1
141385,1
83455,1
83451,1
15323,1
83452,1
152034,1
139076,1
136801,1
153363,4
111522,1
153367,2
57176,1
57177,1
27314,1
136804,1
136807,1
41604,1
141394,1
83446,1
69151,2
69153,2
46602,3
47934,1
46603,1
137628,1
22637,1
22638,2
47930,1
60903,1
46605,3
11988,4
125637,1
149605,1
125638,1
151924,1
75160,2
34622,1
11989,3
126963,1
101669,2
88484,1
137637,1
23977,1
72900,1
100352,1
114978,1
11999,1
34613,2
11998,2
35942,1
125625,2
149611,2
34617,1
100347,1
63193,1
137648,1
136319,1
114964,1
99155,2
34601,1
35931,1
99152,2
137651,1
137650,1
137653,3
72907,1
100313,2
72904,1
72902,2
35935,1
102978,1
34604,1
100316,1
137659,1
23955,1
137658,1
113625,2
23957,2
136324,1
102990,1
113621,6
136326,1
137656,1
99144,1
125604,1
35921,1
137664,1
138993,1
35927,2
35925,1
88496,2
35923,2
155497,1
71603,1
96902,1
100381,2
100383,4
87190,1
23929,1
35909,1
84919,1
123022,4
123019,5
125677,2
59964,5
99170,3
59963,1
35918,3
112372,1
11940,2
72926,1
23933,1
112357,1
38178,1
22609,1
125673,1
99169,3
123009,2
57317,1
142188,6
99160,1
59974,2
155490,1
87186,2
138936,1
71625,1
137603,1
23902,3
137605,2
137600,1
6730,1
40488,1
39492,1
151904,7
39491,1
59987,1
84943,1
125657,1
83615,1
11923,2
99191,4
113683,3
71619,3
6728,1
112337,1
113664,2
39489,6
111001,1
151917,1
151916,5
39481,1
38150,3
56005,1
11933,1
99184,1
125649,1
83603,1
125647,1
151911,3
126977,1
11936,1
57334,2
60982,2
5402,1
137620,2
100368,2
11931,1
71627,1
46688,1
19066,1
21385,1
19068,2
148365,1
124391,3
19060,2
147027,4
5413,1
90714,1
5416,1
44018,1
5431,1
123053,1
147042,1
147041,3
124382,1
147044,3
52460,1
53796,3
150688,1
53797,4
53795,3
150687,1
53798,1
111075,1
52468,1
5427,1
5428,1
45335,1
20037,1
45338,1
45332,4
46664,1
90740,1
5443,2
90742,1
160021,1
147053,1
34680,1
147055,1
52470,2
125697,1
135076,1
159041,1
5437,1
5439,1
135074,1
45324,1
65793,3
5451,1
45326,1
65796,3
111047,1
46651,1
34671,1
148399,1
125691,1
52480,3
51151,1
34677,1
88419,1
135082,1
88418,1
51157,2
32011,1
20041,1
112386,1
88413,6
111053,1
135084,1
22679,2
137666,2
19023,2
136335,1
64478,2
5466,3
19024,1
75125,1
19020,1
45318,2
52491,1
51161,1
119840,1
34665,1
148316,1
137674,2
120828,1
89775,1
5470,1
64482,1
123091,1
137677,2
137678,2
46630,1
5477,1
149662,1
148332,1
22685,2
22687,2
147002,2
20028,3
51170,1
150648,3
34655,1
51177,1
22681,1
89768,1
137683,1
137686,2
137685,2
135029,1
63163,4
19007,1
19006,1
23980,3
23982,2
75146,1
51180,1
75143,2
147013,1
51182,1
46626,1
46627,2
148336,1
137695,2
107825,1
135033,2
135034,1
137696,2
19008,2
23999,1
135037,2
119804,2
147020,1
75155,1
147024,1
51193,1
46615,1
76474,2
76478,1
106505,1
135046,2
107839,2
135042,2
16752,1
15420,1
95572,1
4170,3
95570,1
41709,2
41707,2
69280,1
53701,1
144713,2
83596,1
15429,1
16758,1
15426,4
107783,1
94235,1
94234,1
16762,1
15430,1
70285,1
41703,1
119750,2
144723,1
14104,1
1906,4
15435,2
120738,1
107779,2
15433,1
16768,1
132754,2
15408,2
82288,1
106416,1
82286,1
15401,1
82281,1
82282,1
120725,3
95587,3
95589,1
65710,1
131432,4
95583,1
95585,1
95581,2
144749,1
53738,1
16748,1
53736,1
16746,2
15415,3
148280,1
148282,2
45276,1
33290,1
1937,1
45271,1
33282,1
33280,1
148294,2
64407,1
148296,1
119793,2
16728,1
53753,1
120770,1
46593,5
1947,1
119792,1
118461,1
45260,2
16725,5
82294,2
129104,2
33273,2
117118,3
33274,3
120763,1
119782,1
33278,4
76401,4
33276,2
53768,1
52435,2
1957,1
52438,2
52439,1
46576,1
105145,2
132725,1
117108,1
118443,1
16707,2
52443,1
94290,2
52442,1
119776,1
144705,1
119770,3
144707,4
130155,1
154122,2
130158,1
69208,1
155456,1
72850,4
154127,1
41794,1
84838,2
114901,1
142131,1
57228,1
83515,1
99091,2
26156,1
27480,2
102912,1
155461,1
72848,1
41780,1
38131,1
154113,1
69212,1
41782,1
69216,1
57230,1
72860,1
41788,1
40455,1
41786,1
60879,1
58568,1
84836,1
60886,1
27499,3
57234,1
99083,4
27491,1
69210,1
156781,2
129143,2
154144,2
69224,1
69223,1
70211,1
155479,2
41774,1
41772,2
41771,2
41778,2
58574,5
57248,1
143484,3
1994,4
26133,2
1993,3
58577,1
60890,2
15488,4
95507,3
96839,1
70209,1
130187,1
71559,1
129134,1
72888,2
9017,2
72884,1
71553,1
57251,1
57252,4
71551,1
26147,1
57254,2
142172,1
57259,1
27472,1
142165,1
58587,2
27476,1
27474,6
58589,2
57257,2
26145,2
38118,1
120799,3
130194,1
95538,1
156742,1
94202,1
16790,1
132770,1
71563,2
94206,1
132774,1
41756,1
58593,1
58595,1
57261,2
58591,2
83558,1
83557,1
58598,1
27442,1
69240,3
102953,1
132784,2
9036,1
15475,1
70245,1
130124,2
71575,1
26126,2
26125,1
26128,1
41742,1
26129,1
40417,1
41748,1
40415,1
100307,1
142101,1
144761,1
57279,3
100301,3
100303,1
95558,1
94224,1
41730,1
95550,1
9040,1
71581,1
144772,1
144778,1
82241,2
83573,1
130143,1
9059,1
131472,1
114917,2
71599,1
114919,2
95544,1
71597,1
130149,8
71591,1
41719,1
143459,1
39407,1
137506,1
137503,2
99257,3
9060,1
142099,1
10777,1
33414,1
34744,1
34742,1
102873,1
33419,2
137510,1
58716,1
154096,1
33418,2
154098,1
137516,1
19115,1
46713,1
19117,1
154079,1
137512,2
99247,1
99243,2
46717,1
126837,1
10788,4
58724,1
126831,1
102884,1
102883,1
100223,2
102885,3
137520,2
102888,2
87265,3
58727,1
102887,1
137524,1
46709,1
149505,2
149506,1
10757,1
10759,1
126820,1
137532,1
10753,2
149520,2
114836,1
34712,3
150505,1
10767,1
10769,2
10768,2
126811,2
58741,1
126810,1
71707,1
138870,2
102867,1
124230,1
99298,1
22710,1
10736,1
101588,2
113580,1
154053,2
154034,2
138805,1
22726,1
154036,1
114897,2
58760,2
124220,1
126880,1
22722,1
143398,1
124218,1
57436,1
56107,1
126878,1
56100,2
56101,2
58765,1
99280,2
71746,1
142084,2
142086,1
58778,1
56117,1
56118,1
26295,2
26297,1
114894,1
68103,3
71755,1
69439,4
5530,1
113544,3
100252,2
112211,1
22708,1
5532,1
114873,1
142092,4
68109,1
125528,1
114882,1
56125,2
112221,1
70417,1
5527,9
65880,1
64553,2
64552,2
75205,1
75204,1
65888,2
64556,2
32160,2
75201,4
32161,2
137590,1
51241,1
89859,1
89858,1
89856,2
148239,1
76546,1
89855,1
5535,1
89853,2
45467,1
112279,3
136268,1
46794,1
63235,1
65896,1
33480,6
149587,1
125594,1
149584,1
150569,1
77862,1
89848,1
32156,1
32153,1
151896,1
89842,1
88511,1
52589,2
150562,1
89840,1
90825,1
149590,1
64573,3
4230,2
45458,1
45452,1
63245,1
4234,1
19162,2
149592,1
52593,1
76560,5
33477,1
124249,1
33478,2
33475,3
33476,4
90854,2
44120,1
136283,1
89873,1
4229,2
63251,2
64585,1
46775,1
75239,2
19179,1
20163,1
148276,1
125572,1
32137,1
32135,2
51276,1
124236,1
87208,1
33463,2
136298,1
87203,1
87204,1
46771,1
100289,1
4237,1
90848,1
16902,1
46767,2
46765,1
21465,1
19143,1
19145,4
45438,1
34789,2
149528,1
34787,1
33453,1
76586,1
34785,3
149526,1
120706,1
20146,1
20145,1
19155,1
138888,1
45422,3
138887,1
19153,2
87225,1
138896,1
136234,7
138894,1
138891,2
138892,3
21444,1
4274,2
99239,1
22771,1
22773,1
99232,1
75265,1
21448,3
99233,1
99230,1
33433,1
119700,1
119701,1
149548,1
137574,1
4268,2
150531,1
107701,1
137571,1
4284,1
63299,2
21452,1
107721,2
136246,9
20120,2
21451,2
22783,1
22784,3
22785,1
45406,1
20129,1
99223,1
46737,3
99222,1
33425,1
34750,1
137585,2
107715,2
4279,1
87243,1
107719,1
33426,1
33427,2
119638,1
56092,1
56094,1
133947,1
157918,3
93031,1
121952,2
81052,3
68074,1
81053,3
53823,1
107647,1
53820,2
120629,2
81055,1
120625,3
81051,4
121956,1
120626,1
133953,1
106336,1
94354,1
133958,2
39509,1
120611,1
106329,4
16888,1
16887,1
107657,1
81044,1
68087,1
132634,1
107634,1
107633,1
108960,2
133960,1
108961,1
65824,1
133966,1
65825,1
119619,2
77810,1
108959,2
107626,1
68095,1
77813,2
68094,1
68099,1
15525,1
52516,1
107641,1
108974,1
14200,1
65831,1
108971,1
108972,3
131317,2
65834,1
93045,2
32092,1
41802,2
133979,1
157928,1
121926,1
107638,1
53856,1
82395,1
121928,1
14202,1
77804,1
44072,1
107639,1
107695,1
149491,2
107693,1
149497,1
117018,3
106361,1
89819,1
77831,1
51201,1
89813,1
52536,1
106359,1
77837,3
117020,3
77839,1
44060,1
150470,2
105045,1
28828,1
105048,1
105047,1
65852,2
64521,1
28823,1
93061,1
94392,2
94396,1
64529,1
89807,1
121983,1
120654,2
89805,2
89803,1
117014,1
77824,1
77825,1
44053,1
120657,3
77828,3
52549,2
106347,1
64536,1
64538,1
90819,1
88509,1
121970,1
88503,3
44043,1
44042,3
16815,1
120646,1
90817,2
28806,1
105026,4
106358,1
106357,5
105025,1
28800,5
132605,1
64548,2
19098,2
132606,1
121961,1
77840,2
77842,1
20083,1
120637,2
14294,3
14295,3
155333,1
14296,1
155337,1
130036,2
40583,1
129040,1
83627,2
83629,1
142012,1
143347,1
58675,1
117069,2
143348,2
84964,1
143346,5
155340,1
40571,1
95603,1
72986,1
38253,1
129038,1
155327,1
38257,1
57350,1
57352,1
129030,1
84949,3
102803,1
83623,1
26285,1
83626,1
142027,4
142029,2
72979,1
155330,1
72999,1
71669,1
68014,1
71665,1
70334,1
68018,1
155359,1
41896,2
143372,1
142041,2
84988,1
27580,1
26252,1
117046,1
83653,1
14278,1
155360,1
9135,1
130064,1
155345,2
95627,5
155344,1
41884,1
95621,1
40551,2
155348,1
154018,2
68028,1
106394,2
27594,1
26262,1
117030,1
155351,1
9146,3
68035,1
133987,1
40542,1
96984,2
96985,1
133981,1
133982,2
133983,3
96980,1
71681,1
81016,1
144631,2
126803,2
28895,1
81013,2
144632,1
144637,1
126809,1
102830,1
126808,1
143309,1
68032,2
96977,1
9155,3
96979,1
71697,1
40530,1
94316,1
70361,1
156616,1
156617,1
27578,2
40532,1
94310,1
9153,1
156619,1
81005,1
84998,1
101517,4
26242,2
56069,4
27574,1
84993,1
101511,1
102843,1
132674,2
114808,2
26214,1
27544,2
26218,2
117088,1
56079,1
145987,1
26212,2
83693,1
53804,1
68055,1
157960,1
130020,1
56080,1
130026,1
132687,1
27557,2
70384,1
56083,1
28884,1
81020,1
130030,1
19227,1
137869,1
137864,1
135202,1
46848,2
46847,1
34866,1
33534,1
150834,1
149842,1
111242,1
10892,3
6902,1
19228,1
10894,1
58836,1
86064,1
62093,1
135216,1
19236,2
112558,1
113887,1
113885,1
19234,1
113883,1
9193,1
148530,2
148531,1
98034,1
6919,1
71806,1
58847,1
33528,1
33526,1
57519,3
58849,1
19203,1
86082,1
19204,1
112542,1
137888,1
69502,1
83808,3
148541,2
98069,1
83804,1
111219,2
83811,2
100559,1
10876,1
83813,1
83812,1
34840,1
58851,1
49090,3
135233,1
49098,2
71816,1
6926,1
33515,3
137890,1
49096,1
86073,1
135237,1
136567,1
148551,1
99386,1
99388,1
83800,1
148549,1
124514,1
148544,2
58862,1
148547,1
34838,1
100568,1
46800,1
46801,1
95812,1
37097,1
69520,1
95814,1
71841,2
141094,2
21504,4
46802,3
83828,2
21503,1
149802,1
82502,2
141088,1
83831,1
83830,2
111285,1
56218,1
10850,1
153085,2
70523,1
86095,1
37088,1
6960,1
37089,1
5631,1
58880,1
124585,1
21515,1
83821,1
83824,1
123245,2
123244,1
95834,1
153099,1
95830,1
37079,1
123239,1
123234,1
58895,1
149823,1
5632,2
111263,1
111264,1
5634,1
111262,1
5635,1
95826,1
111260,2
5637,3
10831,1
34801,1
153087,2
95824,1
5652,1
71872,1
71870,1
22820,1
149836,1
83843,1
82514,1
10847,4
98093,1
6978,2
95818,1
45599,3
64672,3
4331,1
5663,1
6995,3
45598,4
3001,1
87319,2
32287,2
77995,1
77996,3
77997,1
77998,3
44260,1
88642,1
87312,1
159265,2
90950,1
4342,1
74007,2
62024,2
64686,1
3010,1
15717,1
89967,1
44252,2
159256,1
15715,1
159254,2
64694,1
4351,1
44243,2
44242,1
147290,2
50054,1
50057,3
86007,1
88667,1
5677,1
87332,1
74029,1
4365,1
44233,2
19296,1
51391,1
99300,1
33589,1
33588,3
87328,2
76674,1
33585,1
33583,1
33584,1
88656,2
159275,1
106702,1
106701,2
45560,1
89982,1
44224,1
20253,1
104103,1
129403,1
148563,1
98006,1
74031,2
33576,1
33572,1
4367,2
46880,1
86026,2
105427,1
86025,2
86023,1
88683,1
106759,2
159205,2
19278,1
104111,1
21593,1
33560,1
44218,1
19270,1
75371,1
58800,1
147236,1
34893,1
88679,1
86015,1
105437,1
88677,1
136594,2
46870,1
106767,1
90989,1
136596,1
88673,1
104109,1
159238,1
62074,1
19242,1
160224,1
19241,1
19240,1
20237,1
58810,3
58819,2
86030,3
159228,1
3073,1
46858,1
33546,1
33544,1
33541,2
87368,1
86036,1
135283,1
62083,1
52609,1
104022,1
53938,1
132975,2
104023,2
38300,1
155612,1
117337,1
156945,1
26312,1
130315,1
41957,5
117344,1
143620,1
28971,1
13004,1
53942,1
52617,1
53948,1
77916,2
68196,3
106692,1
156930,1
130321,4
13010,1
155601,1
119988,1
117328,5
119989,2
3098,1
156939,1
3097,1
155607,1
3095,1
155609,1
119991,1
117336,2
116005,1
120979,1
13015,4
13016,2
53955,1
53958,1
119990,2
14348,3
120978,1
14349,1
154303,1
155634,1
65943,1
64611,1
65945,1
130337,1
64613,1
65947,3
93176,1
118650,1
52631,1
119987,1
89913,1
16974,1
105325,1
142317,1
77918,1
14321,1
155624,1
16980,1
28966,2
130347,3
117307,3
26304,1
155628,1
65955,2
28969,1
41917,1
118644,3
143655,1
117311,2
41919,1
44194,1
77923,1
14322,1
105337,1
77924,4
14329,1
64630,2
131602,1
28931,1
28937,1
160162,1
93197,1
132937,2
41907,1
90917,4
53983,1
159180,1
41908,2
77954,1
77955,1
89931,4
16953,1
90913,2
16957,1
52658,1
16956,1
129352,1
128023,1
64641,1
128025,1
64640,1
27612,1
64644,1
64648,1
28945,1
41900,2
128020,1
77940,4
77941,1
76611,1
15633,1
128019,3
14300,2
16963,2
76615,1
90900,1
50008,1
104043,1
9201,1
104041,1
104042,1
28917,1
105373,1
104045,8
128017,2
28910,1
75301,1
16938,1
77976,1
77977,2
105383,1
9211,7
132963,1
129337,1
131637,1
28922,1
116019,1
104051,1
156919,1
52686,1
50024,2
50026,1
16943,2
50028,2
104049,1
16940,2
45480,1
16945,2
130396,1
128076,2
153034,7
38384,2
155696,1
9227,1
69447,1
56130,1
113819,1
10809,1
13081,1
142383,1
38380,1
101825,3
10810,1
101827,1
10812,1
10815,1
101829,2
10816,2
142379,1
83750,1
68111,2
69441,6
49032,1
101822,1
38371,1
95723,1
129398,1
38375,1
128069,1
37046,1
113808,1
57473,1
113807,2
128060,5
142392,1
128061,3
142391,1
142385,1
142384,2
142386,1
10826,2
142388,1
10820,2
95718,1
69450,1
38360,1
95758,1
69465,1
95752,3
13067,1
94427,1
95754,1
70450,1
101806,1
101809,1
83772,1
69464,1
154374,1
104099,2
129375,1
37020,4
39683,1
39685,1
37022,1
13078,4
128048,1
38354,1
37024,1
71795,1
25058,1
40675,4
95740,1
104095,2
10802,3
10801,3
10806,1
38357,1
154380,2
153050,1
154382,1
154384,1
155651,2
95779,1
68158,1
37013,1
95776,1
131685,1
81137,1
100539,1
141000,1
142338,1
101861,1
83794,1
37018,1
124506,1
112515,1
53908,1
113844,1
68168,2
113842,1
38331,1
40651,1
94438,1
155645,2
70484,1
94431,1
100549,1
142340,1
82455,2
27695,2
38335,1
141018,6
100541,6
82450,1
82452,2
100545,2
100546,1
100547,2
113830,1
38323,2
25006,7
70494,1
94464,1
9284,1
141026,1
81158,1
38325,1
53920,1
53926,1
53924,1
155663,1
53928,1
153003,1
155667,2
9292,1
25014,2
155669,1
142370,2
113827,1
41967,2
113826,1
143697,4
26344,1
25013,1
13036,1
101853,1
137746,1
125761,2
124431,2
125762,2
149730,2
22992,1
125760,3
83904,1
57623,2
149728,1
57625,1
34981,1
125753,1
112451,2
111121,1
100455,1
86187,3
32328,1
57627,1
32326,1
71932,1
100470,1
136424,1
45629,1
98154,1
98153,1
45628,1
98155,2
125747,1
34974,1
125745,1
150720,1
101794,2
101796,1
136432,1
100466,1
71926,1
34978,1
5704,2
5705,1
112427,1
19326,2
19325,1
71942,1
135102,2
71940,2
125740,4
45615,1
32302,2
100438,1
32300,1
32308,1
71938,1
57648,1
137770,2
46932,2
22988,2
70621,1
71952,1
113744,1
112412,1
18001,1
137777,2
148433,2
68307,1
112418,1
46935,1
34954,1
56326,1
150742,1
148426,1
137785,1
100444,1
101777,1
137781,1
21622,2
95933,1
154287,1
111157,1
71960,3
124471,1
21624,1
4408,1
49193,1
57669,1
125798,2
124467,1
124465,1
34949,1
154294,2
33616,1
154295,2
70644,1
71971,2
57671,1
82605,1
20303,4
82613,1
57679,1
34930,1
125789,1
55017,1
125786,1
98191,2
111154,2
154281,1
34937,2
4414,1
33607,1
34936,1
34934,2
49185,2
68335,1
68333,2
112469,4
125781,1
83969,1
37190,1
125780,1
37191,2
34921,1
149703,2
49172,1
83975,2
149702,2
68331,1
49175,1
149709,1
34922,1
22946,2
137737,2
111124,5
111122,2
37189,1
125772,1
137739,1
83957,1
82629,2
57699,1
149710,3
125765,2
3102,2
57698,1
94607,2
5767,1
137740,1
34913,3
64792,1
62132,1
44388,1
62134,1
63465,1
31072,1
123185,1
160122,1
147150,1
147156,2
147154,1
50152,1
76783,1
86108,2
88769,1
3114,1
150796,1
3113,1
86106,1
15822,1
148490,3
44374,2
74126,1
147164,1
148497,1
119903,1
27811,1
148499,1
147167,1
27815,3
148495,1
132907,1
147158,2
124499,1
87422,3
87420,3
135184,1
62153,4
98106,1
111178,1
124494,1
147173,1
147172,1
147176,2
123156,1
5797,1
88786,1
159163,1
87452,4
86122,2
4482,1
45684,2
4484,1
147182,1
75478,1
75477,1
75476,2
147184,1
123154,1
147183,1
147189,2
123151,2
75472,1
31046,1
31049,2
76793,2
31048,2
124479,1
88776,1
58903,2
159156,2
135126,1
31036,1
86147,1
120947,1
120948,1
86143,1
159103,5
86141,1
105307,1
58915,1
62187,1
107985,1
62189,1
107983,2
18062,2
147124,2
118618,1
147121,1
98111,1
147115,2
32354,1
147119,1
150761,1
86137,3
19368,1
86161,1
21685,1
19369,1
19364,1
135146,1
160102,1
21683,1
149795,2
149796,1
98143,3
44328,1
98145,4
147128,1
150778,1
31016,1
86169,2
86167,2
150771,1
159124,1
86163,1
33679,1
62192,1
3191,2
159104,1
21697,1
159105,3
21695,1
20363,1
18045,2
147142,1
98135,1
98137,1
46978,3
20369,1
3193,1
149798,1
32332,2
33663,1
32330,2
120913,3
86158,1
150784,1
86157,1
86154,1
87485,1
120910,2
32337,1
32338,1
33669,1
93279,2
14452,1
40740,1
39750,1
39753,1
119878,3
119879,1
93273,1
119887,1
118556,1
14456,1
107888,4
51402,1
38429,2
81292,1
132862,1
118536,1
120852,1
159095,1
159093,3
38412,1
120859,1
107899,1
39748,1
120854,2
51418,1
76719,1
107871,2
105213,4
39730,5
27744,1
130219,1
63407,1
107869,1
15765,3
120844,1
14437,1
106550,1
106554,1
132885,2
63412,1
27755,1
27756,1
160099,1
131559,1
119845,1
160095,1
52763,2
50100,1
52766,1
143539,1
52767,1
143537,1
51435,1
64751,1
63423,1
147074,1
147077,1
118595,1
76740,1
52771,1
52772,2
15743,1
39712,4
50117,2
39714,1
15745,3
118591,4
9315,1
160036,1
129237,1
27735,4
88719,1
88717,4
120896,1
88715,1
117256,1
50120,2
50123,1
88712,1
144803,5
88710,1
76737,1
27708,1
147090,3
129220,1
27709,1
9323,1
156801,1
129227,1
147098,1
160065,1
75421,3
156807,6
118574,2
87418,1
118579,1
88743,2
76768,1
51469,3
144813,1
62121,1
63453,1
129216,1
118562,1
32298,2
118568,1
144826,2
144824,1
118560,1
120879,1
68236,5
94522,2
70555,2
68234,1
68238,2
143590,2
82545,3
56258,1
142253,1
142254,3
83872,1
83871,1
8009,1
34903,4
34901,2
34900,2
25180,1
95844,2
156894,2
94512,2
94511,1
129276,1
130285,1
8023,1
38497,1
94515,1
22926,1
94514,2
71893,1
94513,2
71891,1
83859,2
22920,1
117296,1
143595,1
10947,1
83861,1
10946,1
10948,2
94509,1
101713,1
68258,1
68257,1
69586,1
37155,1
105293,1
105291,1
82564,3
82566,2
154271,2
49131,2
117284,2
22901,3
8044,2
68267,1
154256,1
154257,1
40795,1
13199,5
129258,1
154258,1
40799,1
142295,1
129252,2
117274,4
117276,3
83889,1
142289,1
49125,1
68260,2
69590,2
49123,1
95859,2
113736,2
130231,1
132894,1
112405,1
8058,1
13162,1
113734,2
112403,1
131561,2
37131,1
113732,1
154202,2
13163,3
154204,1
37135,1
94568,1
8050,3
101748,1
125711,2
142217,1
37137,1
49110,1
113721,1
155528,3
113728,3
113726,3
10902,2
142226,1
82570,2
142229,1
100424,1
8079,1
14470,1
130254,1
156885,1
155554,1
130252,1
156884,1
130257,1
40761,1
130256,2
26456,1
25126,1
93252,1
101729,1
27785,1
27783,2
38445,1
81274,1
156892,1
93247,2
130264,1
93246,1
154210,1
156874,1
93249,2
93248,2
94570,1
154218,1
26466,3
40752,1
101736,2
27790,1
101739,1
27795,2
13158,1
37104,1
13156,1
37109,2
18135,1
45754,1
69720,1
44422,1
21784,1
5816,1
103848,1
33774,1
5818,1
57745,1
32441,1
33772,1
127810,1
56411,1
5810,2
5812,1
31118,1
21798,2
44412,1
155045,1
44414,1
45744,1
139812,2
20468,1
143085,1
5829,2
57752,4
5820,1
155051,4
57758,1
156383,1
70716,1
44400,1
94702,1
19440,1
94700,1
69748,1
143097,1
45736,1
143095,2
143096,1
82721,5
82722,1
57761,1
5834,1
70725,1
4504,3
118098,2
70727,2
68422,1
69758,1
98296,1
115803,2
20446,2
33744,1
82712,2
143099,3
4511,3
155070,1
140823,1
118087,1
102505,2
33746,1
70754,1
21742,1
70756,6
156346,1
21740,1
68438,1
94725,2
68436,1
5861,1
69766,2
94722,1
45718,1
114545,1
20418,5
67109,1
45714,1
21746,3
82738,2
144360,1
82744,2
115882,1
102555,1
101226,1
131050,1
5859,1
101229,1
102570,2
113205,2
67117,1
21750,1
69778,3
5872,1
132389,1
45708,1
82733,1
144365,1
3205,1
82735,1
3202,1
126512,1
114542,1
94704,1
5867,1
155010,1
67122,1
131065,2
67129,1
131069,1
69788,1
3221,1
101205,1
69782,2
131073,1
156375,2
68450,2
103869,1
101207,1
155023,2
156357,1
155026,1
156356,1
5892,2
5893,1
5894,1
68468,2
5895,1
3233,1
3231,3
70780,1
144389,3
144387,2
79103,2
4555,2
102545,1
67131,1
68462,2
102546,1
102548,1
63581,1
138558,2
43178,1
139888,5
114589,1
126572,1
50271,1
151527,1
50272,1
151522,1
86227,1
5896,1
113265,2
87552,1
62261,5
101283,1
43165,1
137236,1
27932,1
3254,4
31180,1
99520,2
74240,1
14629,1
76890,1
76892,1
39907,1
76893,2
50289,1
15957,5
88871,1
39904,1
138571,1
87570,4
101251,1
99559,1
62275,1
101253,2
3266,1
62279,3
98224,1
75584,2
98220,1
99553,2
15926,4
151549,1
3258,1
3256,2
140896,1
44483,4
138585,4
140898,1
101247,2
15924,2
15922,1
87571,2
62283,1
43142,2
98216,5
99549,1
99543,3
31161,1
99545,1
3273,2
75592,2
126537,1
152889,5
3269,1
152887,1
32495,1
101255,1
102586,3
152884,1
43140,1
138596,1
87565,1
14603,2
15932,1
62281,2
138518,2
44466,2
125281,1
138516,1
138514,1
99579,4
125283,1
15908,2
139852,1
138521,1
57709,1
86267,1
15902,1
86264,1
87595,2
57705,4
86262,1
138527,1
138528,1
43122,1
45785,1
138523,1
113289,1
138524,1
98234,1
125276,1
125273,1
74285,2
98230,1
74283,1
98232,3
152827,4
113290,1
31148,1
31143,1
139861,1
138531,1
137201,1
155096,1
140846,1
20477,6
18159,1
86281,3
101297,1
19483,1
74298,1
43117,1
99594,1
99597,1
151505,1
99592,1
151501,2
139871,2
86271,1
69714,1
18161,2
99589,3
99583,2
99580,1
31128,1
86274,1
40861,1
134917,1
92062,1
40869,1
110946,1
92063,2
40867,1
110944,1
88806,1
137194,4
27883,2
150154,1
150155,1
80087,2
151484,3
51526,1
52859,2
150150,2
76828,1
14580,1
76808,2
76809,1
38531,2
63510,3
25234,2
92051,1
25237,4
149185,1
52861,1
38533,1
151498,2
50204,2
52863,1
51535,1
39866,2
76814,3
146909,1
76816,1
151492,1
150182,3
25209,2
149194,2
75505,1
14552,1
64852,2
64851,1
149191,1
14550,1
64854,4
25202,2
64853,6
92082,1
125185,2
64857,4
133604,1
133605,2
88819,1
26538,1
25207,1
88827,1
76840,1
25200,1
76842,1
15886,2
88820,1
146914,1
52874,3
150176,1
76846,1
146913,1
150177,1
109923,1
150173,1
108613,1
92070,1
64866,1
62207,3
62208,3
25211,2
76831,1
80094,2
146925,1
76837,1
26518,2
108667,1
75527,1
9426,1
62212,1
64873,1
62214,1
62216,4
64877,1
27842,1
62217,1
27846,1
88845,4
150114,1
51563,1
15865,1
76865,1
15863,1
14532,1
76868,1
9436,1
62220,2
62221,1
63552,1
8103,1
62224,1
62227,4
27853,2
62228,4
40812,1
122952,1
138492,1
27850,1
151458,1
151457,3
150126,1
137166,1
76857,1
14549,1
122957,1
63566,1
27822,1
76882,2
76883,2
76884,4
51588,5
9438,1
151463,1
8121,1
110950,1
44396,1
44398,1
62247,1
26506,1
51593,1
14528,1
14522,5
88853,1
76878,3
39801,1
76879,1
14526,1
122934,3
88850,1
14524,1
44390,1
131000,1
158962,1
107378,2
134995,3
56372,1
107372,2
118035,1
81336,6
146971,1
79018,1
95969,1
107386,1
37287,1
8147,1
93303,2
158958,1
146990,1
8140,2
121665,1
146982,1
146989,1
122991,4
118029,1
146986,1
82654,1
158960,1
67031,1
93335,2
157655,1
92001,2
108689,1
157653,3
37274,2
93332,1
93339,1
92008,3
107358,1
93337,1
70692,1
9483,1
8150,3
146995,1
119342,1
79037,1
122983,2
82680,1
121658,2
156331,1
158972,1
132369,1
156317,1
107368,2
8160,2
79022,2
81347,1
79027,1
79029,1
49243,2
132373,1
106088,1
8177,1
49239,1
13287,1
49238,2
37256,1
55083,4
8174,1
81376,1
26596,1
118072,2
13288,1
81370,1
93346,4
133632,1
93344,1
52817,1
49227,1
93348,2
132305,1
120383,1
158919,1
79044,1
5904,1
145613,1
145612,1
107396,1
134977,1
52828,1
8192,1
107390,1
8191,2
134979,2
107392,1
145621,1
64809,1
121695,4
81394,2
13266,2
49211,1
67082,3
81396,1
52837,1
81390,2
76806,1
106078,2
94697,1
13276,1
79066,1
146962,2
146967,2
81382,1
67094,2
39886,1
146969,2
51512,1
5923,1
51516,4
19588,2
115717,1
20576,1
70830,1
132298,1
115719,1
115711,1
19581,2
115715,1
55201,1
55200,1
4608,1
33894,1
55203,1
103726,4
5935,4
5936,3
156275,1
19599,1
19598,2
20584,1
18266,1
19592,2
82805,2
33886,1
98392,3
55214,1
98390,1
32550,1
5940,1
5941,2
5945,4
4615,1
5947,1
32558,1
4616,1
44524,1
21884,1
21882,4
21881,1
139703,1
18232,1
21880,3
69865,1
94821,1
139701,2
55223,1
103705,2
103709,1
31210,1
120287,1
55224,2
5951,2
32548,1
103702,1
19577,1
18245,2
19576,1
67213,1
140709,1
81501,1
81503,1
56569,1
3303,1
56563,1
4632,1
5964,3
103713,2
67221,1
102440,2
5981,1
19542,3
19541,1
115753,2
56570,1
55241,15
144242,2
114427,1
79212,1
126408,1
80201,1
79211,1
126406,1
79213,1
55242,1
80205,1
79216,1
115762,1
114431,1
79218,1
3311,1
102437,1
19547,2
5978,1
45820,1
133599,1
20543,1
20542,2
45822,2
18226,1
4660,2
93503,1
102453,1
19552,2
102452,2
126400,1
3331,1
21877,1
79200,1
145579,1
103775,1
158883,5
102447,1
18228,3
101117,2
19558,1
5989,2
102449,1
157550,1
70899,1
93536,2
94866,1
127720,1
115731,1
145594,3
144264,1
79236,3
127715,3
145586,3
3337,1
127714,2
80227,1
79239,1
114410,1
32509,2
156250,1
5999,1
102415,1
132284,1
68572,1
68570,2
157583,1
48085,1
67240,1
36093,4
93520,1
2021,2
21854,1
55278,1
80211,2
81545,1
2018,1
81547,1
2017,1
79227,1
2016,1
127701,2
79229,1
80214,1
55279,1
80213,1
81543,2
103754,1
93516,1
19537,3
18205,1
103756,1
67250,1
62370,1
137108,1
138437,4
62374,1
73028,1
74359,1
101155,3
125124,1
99653,1
99650,1
75680,6
151409,3
151408,2
38708,1
113145,1
138445,2
140755,1
38701,1
14734,3
43291,2
62384,2
139779,1
98316,2
99646,1
98318,2
137118,1
43288,1
74367,1
26722,1
75694,2
73032,1
3370,1
26726,1
14749,1
151414,1
151412,1
85002,1
151411,2
139786,2
113133,2
151410,2
85004,1
139784,1
113132,1
88995,1
88994,1
113130,2
62395,1
62399,1
139790,2
14718,1
14715,1
14719,2
43271,1
102458,1
139791,1
139792,3
43269,1
138468,1
14728,1
150108,2
14727,1
85028,1
140783,1
126412,1
151434,1
103797,1
43260,1
85026,1
150100,1
152760,1
87684,1
57814,1
137142,1
61082,1
139729,5
126490,2
85050,1
101197,2
69801,1
101199,2
74399,1
98363,1
74396,1
126494,1
74394,1
109909,1
31273,1
85059,1
109907,3
109908,1
140712,1
139730,1
43251,1
109901,1
61085,2
61083,1
70800,1
138407,1
138403,1
126488,2
98355,1
126486,3
126484,2
43249,1
69819,1
126482,1
125151,2
14706,1
73072,1
14704,2
14705,1
56508,1
140727,1
2092,1
18279,1
139746,1
43231,1
138413,1
101177,1
126477,1
125145,1
2098,1
2096,1
125137,1
45891,1
140735,1
85077,2
44557,1
138426,1
45881,2
113146,3
45883,2
125135,1
68507,1
45889,2
98376,1
114480,1
98371,1
126459,1
114484,1
31240,2
114485,1
31242,2
140741,1
56527,1
140747,1
14690,1
14691,2
125083,1
149051,1
75603,1
39993,1
39995,1
14692,1
14693,1
25349,1
63626,1
63628,1
63618,1
64949,1
14698,1
37334,3
12035,1
150036,1
51645,3
37336,1
38668,1
51647,1
76946,1
122804,1
52977,1
76928,1
109842,2
64960,1
49305,1
75613,2
38652,1
134808,2
25358,1
134809,1
24027,1
92170,1
110813,1
113090,1
24022,1
76931,1
52989,1
134811,1
9524,1
75624,2
75621,1
26653,1
64976,3
63647,1
40968,1
134814,2
134816,1
27989,1
87619,1
137092,1
87617,1
87614,2
87615,1
88942,1
39974,1
113084,1
126380,3
74306,1
8205,1
14684,1
75632,1
63656,3
126384,3
40956,1
62329,1
113070,1
88938,2
40948,2
88937,2
88933,1
88931,1
14688,1
37303,1
151393,3
64991,1
74318,1
64993,1
74316,2
110860,1
153994,1
8213,2
64994,1
153997,3
63666,1
27962,1
25303,1
25302,2
75640,1
25305,1
40943,1
51681,1
122843,1
88969,1
27960,1
88968,1
88967,1
151326,1
51684,1
38623,1
39954,2
88961,1
15983,1
121515,2
88960,2
39956,1
139693,1
99608,2
63674,1
109884,1
75653,1
99600,3
122830,1
122833,2
50361,2
50360,3
51694,1
51693,1
87626,2
87623,1
40929,1
87621,2
15997,1
150003,3
38614,1
39945,1
39947,1
98309,2
149030,1
108525,1
98305,1
43199,2
63687,2
63688,3
99631,1
63689,3
98302,1
8230,1
138381,1
86329,1
140695,1
86325,3
122829,1
86322,1
15961,1
138385,3
138383,1
8242,2
43188,3
99626,3
75677,1
62366,1
75676,2
149046,1
99622,2
27958,1
149045,1
86318,1
13319,1
86316,1
15975,1
87641,2
137069,1
137063,1
8255,1
158842,1
94764,1
92101,1
134871,1
133540,1
67149,2
56493,1
122891,1
107252,3
8252,1
24093,1
121554,1
122887,1
68470,1
146859,1
121559,3
67143,2
8266,1
68487,6
94758,1
134882,2
132227,1
144202,1
55178,1
119236,1
81444,1
52902,1
37393,1
52904,1
132231,12
133562,1
158869,2
93458,1
92127,1
158867,1
55182,1
92121,1
94781,2
12090,2
146873,1
145542,1
144211,1
145546,1
36069,2
121537,2
158871,1
92113,1
110873,1
52916,2
145560,1
55199,1
119210,3
55198,1
81466,1
36058,1
48033,2
48032,3
80130,1
48030,2
52928,1
93476,1
107298,1
79171,1
24057,1
25381,1
80167,1
150075,1
48021,1
51606,1
133513,4
48019,1
51608,1
37365,2
48015,1
12087,1
25398,1
25397,1
67193,1
48014,1
67191,1
49343,2
81484,1
150089,4
48010,1
67195,1
80150,1
81480,1
52949,1
12050,1
38683,2
12052,1
48004,1
64933,1
133528,1
121575,1
24034,1
25364,1
145508,1
38688,1
76923,1
12058,1
51622,2
12060,1
134865,1
76909,2
38672,1
37344,1
64942,1
92150,2
64944,1
121571,1
64943,1
158816,1
107285,3
93485,1
93483,1
25370,1
145510,1
145514,1
25376,1
134870,1
76913,1
120238,1
20693,4
17043,1
18376,2
17045,1
32680,1
67309,1
81609,1
82936,1
114748,2
82941,1
4728,3
32688,1
55320,1
31356,1
57981,1
31350,1
30022,1
114750,1
29026,1
32682,1
4726,2
67316,1
69977,1
67313,2
45982,5
67319,1
18380,1
114734,1
32677,1
56667,2
55337,2
100100,1
70959,1
100101,1
137400,1
56669,1
100106,1
3407,1
17024,1
70976,4
45976,1
43314,2
67321,1
17020,1
70970,2
67326,1
20672,1
67325,3
67328,1
67329,4
56677,1
3416,1
151703,1
56678,1
151701,1
56673,1
68650,1
102736,1
70968,2
33999,1
17037,1
68663,1
137418,2
4760,3
68667,1
20680,1
82949,1
56680,1
56681,1
56682,4
82945,4
56683,1
55356,1
102740,1
67330,1
20654,1
70996,1
131288,1
19667,1
66017,2
19661,1
21981,1
93634,1
70994,1
66019,2
80316,1
20658,2
54031,2
21988,1
78002,1
80321,2
54034,1
31313,1
80326,2
81652,1
54036,1
100135,1
156591,1
112130,1
102797,1
70988,1
155264,3
112119,1
93621,1
155243,1
68684,1
93625,1
100151,1
21990,1
93623,1
125431,1
2121,1
126761,1
125430,1
55371,1
81639,1
125429,1
31307,1
93617,2
100149,1
31303,1
4779,1
93619,1
19643,4
18312,2
66033,1
4790,1
92321,4
67365,1
112103,2
19641,1
55380,5
114764,2
126750,1
79351,1
93650,1
114768,1
112109,1
80344,1
79355,1
2128,1
2127,1
80348,1
80346,1
92319,2
68694,1
68692,1
19649,1
92311,2
19653,1
66047,6
138704,1
100131,1
66049,3
93644,1
114752,2
114756,1
21977,1
33941,1
82996,2
48192,2
125404,1
78014,2
81663,1
101453,2
100123,1
33946,2
66040,1
33944,1
19659,1
100180,4
100182,1
148122,1
26830,3
149454,1
26831,1
99771,4
148116,3
42082,1
100177,1
85133,2
100178,2
150432,1
61166,1
85136,1
42084,1
61164,1
85130,1
61163,3
86463,1
61161,1
108910,1
112156,1
3497,1
30092,1
125473,1
151779,1
13539,1
124136,1
125467,2
3487,1
137486,1
61177,1
12201,1
112163,2
14862,2
136152,1
61171,1
149470,1
69901,1
97139,1
2177,1
148145,1
30081,2
125465,3
2175,1
97137,1
149474,2
148143,3
74491,1
14836,1
14837,1
151787,2
100155,1
137497,1
85153,1
100176,2
126782,6
125452,5
124118,1
57933,1
13517,1
2179,1
100167,1
151793,1
151792,1
17088,1
69926,1
17080,2
124193,2
56610,1
14817,1
57943,2
151725,1
30069,3
138762,1
136101,1
56617,1
136108,1
43362,4
136104,2
107620,1
68607,1
97141,1
97143,1
17092,1
68608,1
57952,2
57955,4
29076,3
31389,1
29071,1
136112,1
42030,1
42025,1
85191,1
85194,2
43358,1
69945,1
94900,1
17061,1
69947,1
149434,1
17063,1
97172,1
30042,1
149426,1
56638,2
136120,1
56639,1
137456,1
17076,2
17071,2
148112,1
98498,1
17073,1
98495,2
124163,1
98497,2
148110,3
55311,2
150429,1
56646,1
149435,4
151753,3
44670,1
137466,3
137465,2
137460,1
137462,1
138790,1
70936,1
13481,3
107535,1
13485,1
13483,1
24134,1
62412,1
63748,1
12156,1
48102,7
107527,1
12158,1
37458,1
108856,3
107529,3
74408,1
75739,1
74407,1
74406,4
148094,1
12160,2
148095,1
132502,1
24145,1
25477,1
132505,1
132503,8
63757,3
87704,1
87702,1
9627,1
38778,1
106205,1
121825,1
108844,1
38760,1
107512,1
38761,1
132511,2
107510,1
63764,2
75741,3
62435,2
24114,1
132514,1
86406,3
145823,2
51781,1
119503,1
51785,1
49410,1
145825,2
121818,2
12137,2
74409,2
107507,1
107520,1
99705,2
74428,1
107524,1
121808,1
62441,1
108850,6
133850,1
37421,1
108851,1
62443,1
26789,1
24121,3
108849,3
121804,1
13476,1
38757,4
37428,1
108848,1
63781,1
99734,3
38741,2
99736,1
26753,1
25423,1
26756,1
9660,1
149375,1
118233,1
119565,1
121876,1
119563,1
118238,2
119569,1
119567,1
26750,3
137398,4
37413,1
38748,2
137396,2
148050,1
14781,1
8346,3
118219,1
75771,2
121863,1
61139,1
24100,1
14785,2
38737,1
120537,1
108886,1
108883,3
108884,4
75785,1
133802,1
50491,2
118211,1
85115,1
118213,1
86446,4
85117,1
106219,3
85111,1
85113,1
13426,1
86440,1
150372,1
25418,1
14760,2
26741,1
74463,1
75791,2
26748,1
119532,1
38718,1
121843,1
118205,3
86436,1
118203,1
121848,1
13434,1
136099,1
120514,2
136095,1
132574,1
131243,1
92221,2
156543,1
156547,2
21946,2
145892,1
80249,1
45909,1
145886,1
33939,1
67263,1
33934,1
20621,1
19631,1
21950,1
36190,1
156532,1
132588,1
33919,1
156538,1
21955,9
143233,1
81566,1
120571,8
80237,1
81563,1
81564,1
120573,1
118268,1
81565,1
118269,1
33928,1
156563,1
8399,1
156566,2
155237,1
156567,3
8391,1
21925,3
21923,1
120565,1
118254,1
51700,1
120569,3
156553,2
94895,7
155226,3
156557,1
94898,1
21935,1
79263,1
21933,1
118242,1
119573,1
80253,2
118248,1
121880,1
120550,1
120552,3
19618,3
80252,1
80251,2
131283,1
48150,2
19616,1
51717,1
51716,1
114707,1
12193,5
12195,2
36165,1
79293,1
93595,1
36162,5
79295,1
36161,3
79298,1
79299,1
24176,3
37484,1
133870,2
48139,1
133878,1
93583,1
93581,1
145851,2
145853,1
48133,1
48130,2
50403,1
132557,2
131226,1
156524,1
131225,1
156526,2
156528,1
156527,4
156529,5
92285,2
92286,1
4827,1
25482,2
24150,1
145861,1
36149,1
24153,1
36147,3
24154,1
24155,3
143203,1
51744,2
51743,3
48120,1
4825,1
12180,5
132563,2
12182,1
132566,1
12186,2
3505,6
118289,3
36139,1
3501,6
143216,1
36137,2
51753,3
12189,1
51752,1
12188,2
3507,2
44786,3
127940,2
17160,1
3515,1
55442,6
102638,1
127935,1
79411,4
30141,2
80402,2
31471,1
126600,1
102634,1
127939,1
140914,1
68764,1
67430,1
138603,2
17176,1
3527,1
30135,1
81723,1
127928,1
3529,1
139948,1
93730,1
17146,1
93732,1
66118,2
115933,1
44767,1
2204,1
29120,2
55468,1
138621,3
102615,1
67454,1
43421,1
17158,1
67452,1
139958,1
66127,6
66128,2
17153,1
66125,4
66129,1
17150,1
44756,2
55470,1
55476,2
55474,1
55478,2
2211,1
55477,1
30119,3
137301,2
140943,1
29130,1
30115,2
140945,1
18454,1
17125,1
66133,2
112005,4
67469,1
102681,1
112004,1
66136,1
67467,1
2231,1
80439,2
78120,1
54156,1
2228,2
78122,1
80442,2
144474,2
78125,2
114670,1
2226,1
78124,1
143149,1
144478,1
125313,1
92419,3
81770,1
102678,1
156471,3
67462,1
17129,3
113329,1
67477,1
157784,1
20783,1
20782,2
156458,1
20781,4
93745,3
17131,4
20780,1
114655,1
43409,1
54162,1
144495,1
55491,1
54167,1
79445,1
92407,2
100024,1
92409,2
66140,1
67471,1
18432,1
139905,1
17102,1
92441,2
91110,1
113314,1
113313,1
17100,1
125300,3
78141,3
143175,1
143167,1
143165,1
80462,1
2247,1
3577,1
78148,3
101325,3
156494,1
17105,1
101327,2
17107,1
155164,1
17113,1
140906,1
92431,1
102671,2
102673,1
100011,5
17111,1
44717,1
20769,1
143185,1
20768,1
44713,1
20767,1
78131,1
100009,5
54187,2
80452,1
126614,1
78137,1
3586,1
67494,1
140902,2
101391,1
137346,2
100065,2
112046,2
149335,1
25621,1
97232,1
150316,1
150317,1
150315,3
86589,1
140995,2
112056,1
137354,1
14974,2
112054,4
61285,3
14972,1
85251,1
112050,2
14976,1
61290,3
136027,2
137358,1
98557,2
136029,1
136028,1
2287,1
37608,1
152989,1
126678,2
85244,3
85243,2
13654,1
86577,2
152982,1
85245,2
137366,1
86575,1
136030,1
56704,2
138691,1
85270,1
112027,2
112026,2
136037,2
42186,1
126671,1
125340,1
14952,1
137378,1
68702,1
112015,1
42175,2
98575,2
127993,2
68704,1
73296,2
68708,1
97243,1
12307,1
136050,1
148028,3
126655,1
136056,2
12303,1
14967,1
12305,1
14965,1
137384,1
138639,1
108821,1
29188,2
13607,1
112090,1
151603,1
55402,2
108817,1
112099,3
112097,1
55404,2
112095,2
112093,3
13601,1
55408,1
124067,1
124065,1
26922,2
124061,1
152944,1
55413,1
138653,1
85287,1
138654,1
139982,1
9703,1
140965,1
85286,1
85285,2
55419,1
140969,1
112082,3
137328,2
137325,1
67408,1
81709,2
97298,1
55420,1
152958,1
14919,2
56751,1
112077,2
136000,1
55426,2
112075,1
140977,1
14911,1
140978,5
112073,1
29162,1
137330,1
9717,3
29160,1
100096,1
100099,3
112057,1
8401,2
81701,1
140980,5
149314,1
140982,2
106,1
140984,2
138676,1
112065,1
137345,1
138674,1
108801,3
138671,1
137340,1
149295,1
63868,1
112,1
114,2
25582,1
24253,1
116,1
118,3
48222,1
48223,1
9739,1
50559,2
8420,1
48219,1
8421,1
48217,1
12282,2
8424,6
8425,3
62540,4
62541,1
63873,1
74521,2
74520,2
91083,1
25595,2
12288,1
38897,1
8419,1
48206,1
48207,2
8435,3
38882,2
12253,3
13581,2
8433,1
98504,1
75863,1
25566,2
61229,1
135,1
36224,2
61223,1
86522,1
38887,1
37557,2
12260,1
49526,1
38870,1
38871,1
13595,1
7116,1
12263,1
38873,1
132406,1
132405,1
125296,1
132409,2
125294,1
36218,1
145712,1
25574,1
50584,1
49521,1
50587,2
61233,1
7106,1
50586,1
87842,2
13599,1
8437,1
49517,1
49515,2
62572,1
99855,9
118107,2
74551,2
26879,2
120423,1
152897,1
7118,2
49510,1
86541,1
152893,1
120425,1
12237,1
152891,2
38868,2
121759,1
12239,1
37539,1
106134,3
49505,2
8463,1
12240,2
13572,1
12241,1
74561,1
119432,1
86536,1
61258,3
26880,1
61254,1
37522,1
37524,1
150240,1
25528,1
99877,1
106103,1
107433,2
74577,1
62598,1
74576,1
149274,5
25524,1
26858,3
38849,2
121730,1
13549,1
61269,1
150253,1
38847,1
150250,1
73252,2
86551,3
66057,1
157754,1
66055,2
91011,1
93673,2
107495,1
92349,1
133785,3
92347,1
131124,1
79371,1
107493,1
143101,1
119487,1
143100,1
120468,1
120464,2
81690,1
18419,2
66053,4
119484,1
32722,2
66051,2
66068,2
18421,1
18422,1
131132,3
66066,1
18424,1
93669,2
32708,1
80349,1
79361,1
79363,1
80355,2
80354,1
119474,1
80352,2
79367,1
81683,1
121781,1
48298,2
66062,1
66077,2
66078,1
157778,1
54091,1
78062,1
107470,1
54095,1
7184,1
120444,1
54099,1
120446,1
20709,2
120441,1
144456,1
66073,1
156452,1
156431,1
132486,3
157762,1
18401,1
66089,1
132488,1
7190,1
36296,1
63813,1
63808,3
63809,1
145798,1
120437,1
157772,1
66084,1
50504,1
91058,1
92389,2
92387,1
132413,2
157714,1
132412,1
132417,1
63821,1
78083,5
78086,1
91054,1
4925,1
103928,1
66090,1
36289,1
118192,2
66094,1
66092,1
48260,2
115904,1
48258,2
20705,1
132427,1
62502,1
20703,1
92373,5
20701,2
78074,1
62504,1
62505,1
120499,4
103936,1
145734,2
48256,1
49586,2
91079,1
132431,1
91077,1
37596,1
62515,1
87808,1
103906,1
145740,3
145745,1
144415,1
120486,2
118170,1
4942,2
103902,1
133777,1
48238,1
48235,1
62520,1
24288,1
36254,1
62524,1
120482,3
92393,4
119498,1
62519,3
4959,1
119496,1
119497,1
3622,2
3621,2
48234,2
4954,1
119495,1
3628,2
